Date,Intl Developed,Gold,10Y Treasury,US Mid Value,US Mid Growth,US Large Value,US Large Growth,Global Bonds (Hedged),TIPS,S&P 500,REITs,RF
2004-12-31,0.048067403707571676,-0.029255313077842793,0.01167205849165609,0.03787692641123397,0.04080585724693542,0.030389797056788126,0.030788850201243667,0.006940990993651086,0.017589057629418203,0.03393792021450026,0.04755397476705325,0.001813371199550051
2005-01-31,-0.019032382890216692,-0.03607301470043256,0.008711460462852427,-0.024980045081440472,-0.022545258963202808,-0.023854854911285805,-0.021644986527977306,0.00773934524637121,9.507827420707216e-05,-0.024542754008994416,-0.08558816993871066,0.0019288333455721536
2005-02-28,0.03784942429038218,0.03102789011648288,-0.013684298020262942,0.032404630867016504,0.03630976320593815,0.01873563135267231,0.024424662046121703,-0.003033763987847715,-0.005281878139525742,0.020936637194750585,0.03171528448274419,0.0021019298151919714
2005-03-31,-0.026233452115315803,-0.01631056982272039,-0.004033538325887376,-0.012431620652815778,-0.013925049352183527,-0.017804866343523518,-0.01947450111513871,0.009837578783596701,0.0021887964384126324,-0.01759742966419542,-0.017074883834466648,0.0022712499896685285
2005-04-30,-0.016176671153614763,0.01237736532167566,0.025163330243884285,-0.03521167775072109,-0.040767829742813344,-0.021657057233134602,-0.01592886455995357,0.01184538090545506,0.01777506210746438,-0.01911938900684529,0.05770008100761359,0.002305833309415787
2005-05-31,-0.00863738056451091,-0.03921561725675826,0.018383113453944278,0.05539669632770439,0.06133769716362436,0.033540257506871285,0.032013957941457116,0.006390695069927066,0.0075974972370529414,0.0316744627273422,0.03521204029472069,0.002349880952683706
2005-06-30,0.014327328019015928,0.042977119693930366,0.004784271294872466,0.03469717629058655,0.020006762800250266,0.015184610200798643,-0.013195425193945232,0.009916072935355347,0.005175135121463725,0.0012431837118347389,0.045974744447436544,0.0024685227329080753
2005-07-31,0.029967363511516965,-0.014272535715587287,-0.021870034279779627,0.05317531578572843,0.04637100143194983,0.031119640257934345,0.043716179295691715,-0.0012007276486597496,-0.024712631614213332,0.03706377121080484,0.07137936492576968,0.002669333318869273
2005-08-31,0.03836184647052909,0.01354511525428137,0.02000524846720908,-0.008105885186286188,-0.007569645091937471,-0.009801279639559013,-0.007969830985617543,0.007269869556244313,0.025310027976548355,-0.009132616754284562,-0.04054656027849135,0.0028568478252576743
2005-09-30,0.03694452066751652,0.07603684610685546,-0.01752216553823638,0.0073622711808361,0.0035528054397455655,0.01199910839290741,0.004811125047529341,-0.001197574794911116,-0.0015458904961793696,0.007943192694776391,0.013367269783636448,0.0028373809750117957
2005-10-31,-0.03184199082249195,-0.006423966427397176,-0.012393352535173818,-0.03700049238450143,-0.02324637996251322,-0.021051180865829466,-0.020313625300918958,-0.004734577632171999,-0.013119478930041062,-0.016784645185385694,-0.028784272712941594,0.0030696666737397515
2005-11-30,0.0231112062872445,0.05818958748818792,0.006254109338804215,0.049547871431185664,0.06629884101829897,0.039343488283677175,0.03850834227058497,0.0027282571857734084,0.0017653982783945033,0.03764647628346918,0.04156055878798104,0.0032244583169619245
2005-12-31,0.051826281984749256,0.05050923490844328,0.013657283455984714,0.0017845950004036215,0.005790333099774836,0.0021019615477997355,-0.0024884198658025047,0.0106225568068965,0.01033486413221052,0.0002263565253939337,0.00024234614174756253,0.0032311904714221046
2006-01-31,0.057714971067641896,0.09926325610950593,-0.007030226681997043,0.060008364756958255,0.05395413287938311,0.02843951463740413,0.02091769264379484,-0.0021051220024226325,0.00029252222039777287,0.026453244292507616,0.07538574088347971,0.0035172083179155988
2006-02-28,-0.006999774390368918,-0.011111129799614039,-0.001035749378478945,0.002141289790090317,-0.013676554673741514,0.011210928554836297,-0.000495937595589524,0.004450545134329964,0.0,0.0025436836141563557,0.018579354149861338,0.003685964931521499
2006-03-31,0.04005139297033211,0.03620472249591011,-0.013578445892771018,0.027990726924800313,0.025197669473544515,0.021463671419194474,0.009443836741664935,-0.006056514287099746,-0.021391565184218697,0.012397575690907159,0.047150295700172595,0.00375481885412465
2006-04-30,0.04790500925222019,0.12030977706278279,-0.0062714721439562915,0.02242782873504079,0.0034786064403358186,0.027050635253353494,-0.0016418827953983417,-0.0024171776102027698,-0.002346203585279927,0.01333461444890971,-0.03401057465969748,0.0038281579394089543
2006-05-31,-0.03821861517050118,-0.013212367941959902,-0.0010693951582000372,-0.038770551123763264,-0.046793829389593866,-0.026479920640905097,-0.03536139951681749,0.005565718933262964,0.0029669854798057838,-0.02896607036170884,-0.026977487082797458,0.003917954527970516
2006-06-30,-0.0006109419316522313,-0.046707203143457665,0.002296470478318824,-0.006454714485648272,-0.0028367605289595366,0.004296640187424039,-0.0011104783765832904,-0.001157175322505144,0.004277458654601052,0.0012739908518877296,0.04961008982071591,0.003982045451800029
2006-07-31,0.00810493821568592,0.031520501708389936,0.016774146982710514,-0.02200413343589691,-0.03714855794962568,0.00902331859331662,0.0018831448527416583,0.009676126787673711,0.015108529384277647,0.006069278769344599,0.0389139106953329,0.004107083340485891
2006-08-31,0.025485316035552597,-0.013774523970655372,0.017635024335010963,0.017286549904243387,0.008122627095799917,0.013991743707209015,0.032815810050943695,0.011454968305015134,0.01662885171873163,0.023619874806395824,0.03484302402555217,0.004125905797101449
2006-09-30,0.0022190351047746137,-0.04527210873938614,0.012076767485607931,0.0025713935639961605,0.013358500637784099,0.026596719542430813,0.024309639818307804,0.005677839153379827,0.0011086147197560958,0.025623024289648688,0.019659859296497384,0.003998958349227905
2006-10-31,0.037490612483203734,0.012947712156690105,0.005383377185811389,0.04351293091821118,0.03607929572503066,0.033282749629653496,0.03322547272018861,0.0038514393589910156,-0.000735194724758359,0.03250962437128746,0.060277071767795176,0.004088492071817791
2006-11-30,0.03073013225351695,0.06889106234313203,0.013114581993978192,0.03185705305851516,0.034310473567976896,0.019541419289647033,0.019136943612110713,0.007580749467628101,0.01072382728578547,0.018813156688417765,0.04781273831454813,0.0041119047952076744
2006-12-31,0.03197186870317248,-0.018325831904969392,-0.012755849029007948,0.000154627137048724,-0.012362482233093663,0.022144649015798157,0.0026429786859800686,-0.0070706867975267595,-0.023039985463140344,0.014012249306253555,-0.018425819219713424,0.00403166663646698
2007-01-31,0.01393038405867153,0.02562890001654794,-0.004002447203550474,0.03142397647025108,0.03864026186132019,0.018858120513804977,0.01355569105292509,-0.0020509914355826275,0.002328356918439578,0.014932836134321725,0.08779203326784568,0.004137916624546051
2007-02-28,-0.0012119019193242986,0.025451202827030173,0.020549454364505282,0.014315725650752897,0.004831410528439717,-0.018764071771182778,-0.022796809208750712,0.009485181954012045,0.019791763314600752,-0.01969263558364409,-0.02698202210794831,0.004180921044266015
2007-03-31,0.028994749999079694,-0.011131249335096238,-0.001382187038088234,0.011859639615876993,0.016730852126086493,0.014891242772403501,0.008376839758652554,-0.00038621345907952076,0.003257512607000912,0.011120405791316124,-0.020749352043868297,0.004107765121893449
2007-04-30,0.03748418685482302,0.02053542010936238,0.006065695399411375,0.024062788746957997,0.030310198796504872,0.042010509721007505,0.048583908835302614,-0.001360712979466272,0.006644743445925583,0.04417986569900689,-0.0012598994031792765,0.004045208394527436
2007-05-31,0.02362278109391225,-0.023103227112383773,-0.013935578629444167,0.04512594807320003,0.0558375333098593,0.03611172176458255,0.029511831074047645,-0.009965900318489984,-0.013114909067355907,0.03477039857217723,-0.0037854431448690606,0.0039295454458756875
2007-06-30,-0.0032084985879119454,-0.01937754431980876,-0.004675790802390778,-0.027652977974512494,-0.014291692003134848,-0.01974956712443343,-0.01277444502915337,-0.00509179707528018,-0.002146482159166463,-0.01674424250758544,-0.0900772593391036,0.0038285714482504227
2007-07-31,-0.022904752775069426,0.023650293322754035,0.022567723063894762,-0.051957501839156706,-0.04115877538146839,-0.0385555830121912,-0.022277601220306753,0.015219708022909062,0.023006822982263975,-0.030918161693232138,-0.08259303579178634,0.004000595202521672
2007-08-31,-0.006335355095096529,0.011095846137414656,0.022630013302555207,0.009987020577278294,0.012611574892976707,0.01158460792511029,0.01623209676173598,-0.0006935708360594761,0.008221149036053976,0.01498324596179712,0.0674445331267608,0.0034800724447637365
2007-09-30,0.053175615819686994,0.1050812664749683,0.0008839521230357139,0.01756052450448009,0.03408053072028161,0.030972977637064414,0.045731630508965004,0.012119506576754535,0.012804467543569675,0.037260550801577086,0.03917263827318318,0.0032203947347507144
2007-10-31,0.042498459066025784,0.0695143580717299,0.010768582565871876,0.017130876525905503,0.03638174638882763,0.010557259295082222,0.02023583240667448,0.008127269789037994,0.011662200093489838,0.015788353151544365,0.020990745589005266,0.00323043475980344
2007-11-30,-0.036236618776940066,-0.016535271004099905,0.040476781273470985,-0.054385805250849906,-0.04353396620742478,-0.04579696223792595,-0.03622554088976804,0.005922132864945473,0.041178089134656704,-0.04186818508474599,-0.09470928056942896,0.0027071428677392386
2007-12-31,-0.02981272136652935,0.06647697115798756,0.0005050327407620792,-0.0112526684515315,-0.004530231834946052,-0.022104745122796254,0.000857812015011783,0.008178925060257303,0.000624543872016714,-0.006907944322937842,-0.05412993723366921,0.0024702083468437193
2008-01-31,-0.07847160855361546,0.10841623260567879,0.033559683937108176,-0.048391218424184035,-0.06743709672775178,-0.0345732449011632,-0.08535010666012766,0.024091893840396894,0.035727308699357474,-0.0601554724792438,-0.0078098476556492935,0.002273015876611074
2008-02-29,-0.010229494141446138,0.052297578769114894,0.012393232971495749,-0.03275687504141056,-0.0038503010742599875,-0.04747692167601769,-0.011429448682056642,0.01288122563211025,0.014227045025678509,-0.03251448668967305,-0.03181355436742872,0.001751875013113022
2008-03-31,0.004189890522845019,-0.059991647169457374,0.013372397978232975,-0.0001431479455122897,-0.014418090362414704,-0.006807646832659331,-0.004091190752795515,-0.010333828220317809,-0.0013991474115417901,-0.0044601870932020615,0.06485253559201887,0.0010220833321412403
2008-04-30,0.054381070667069764,-0.0415883418198143,-0.024174343036054147,0.0666848670070368,0.08060340746655337,0.03682880408192557,0.0582131998394555,-0.006628792388317706,-0.01399681086371174,0.04862405069368103,0.06379229745292636,0.001058333349047285
2008-05-31,0.011871721398285962,0.009232491728512704,-0.01777403589751625,0.045057711015120905,0.05846965558024375,0.0002785826125659696,0.025320616414241215,-0.009305872386586311,0.001068389602753017,0.012845790762980203,-0.0021092824506562247,0.0014394841213074942
2008-06-30,-0.08786787867410217,0.0451687217321981,0.011458549166901033,-0.08596970748757815,-0.04947300482278971,-0.11099589438323587,-0.05928122918960754,-0.010442052736548524,0.017895123962857973,-0.08451019786075664,-0.10615394340221318,0.001526785705770765
2008-07-31,-0.033202399793042625,-0.014442009549096912,0.007206149677520868,-0.005674303374786138,-0.034459456441998215,0.013564653167169372,-0.02851326541147392,0.009901296728391129,-0.0060964824468795475,-0.008317711648503812,0.031154265718188467,0.001338636355869698
2008-08-31,-0.04247623889562979,-0.09291743535130026,0.015267088833642362,0.02065251003920654,0.013222257845801222,0.014160824994733145,0.018223177085459064,0.0055627544926748484,0.00780870411863166,0.01446349638295752,0.023737865043795603,0.001421031743761093
2008-09-30,-0.11436229916375273,0.04112104574714248,-0.0014036925272312706,-0.08014362197758063,-0.13326274734060162,-0.07424568529288733,-0.09773084773133933,-0.04214828260019177,-0.04021991567930372,-0.08895872236686297,-0.0012368493626896404,0.0008833333292591667
2008-10-31,-0.20834803227522225,-0.1613965370422935,-0.008628436796474959,-0.22212515703769475,-0.21485745756111208,-0.17009187144422855,-0.16502290800810848,-0.02342209613011248,-0.08089574152233603,-0.16792386891179711,-0.3172699116344887,0.0005092391296141391
2008-11-30,-0.06371997351787584,0.1257359360970265,0.07753803983431795,-0.08982029214725984,-0.09614366983288725,-0.09261144228494889,-0.06116884626667074,-0.005524844272684293,0.008768964247991562,-0.07174829198836141,-0.2271742242981598,0.0001388157879231138
2008-12-31,0.08868433612522897,0.07732535516442862,0.05156147808771738,0.046238805103438585,0.04551752486272087,0.013373146127624969,0.014147482719450322,0.03413394370404843,0.06503586526966787,0.010718079675450687,0.16710879629196884,1.553030317705689e-05
2009-01-31,-0.13731635524599184,0.05536293459751551,-0.03887215451923032,-0.07836106601475623,-0.057168549723319084,-0.12151384659618125,-0.04874208166552474,0.014751986011575902,-0.00040392211602058303,-0.08412574237452852,-0.17530815879989192,9.541666662941376e-05
2009-02-28,-0.10387588489562061,0.014456244990885825,-0.007348117077246918,-0.11048788265960785,-0.07899777600108826,-0.13126722892079845,-0.08750658964376246,-0.008909158620699409,-0.02197508939332493,-0.1065706745954057,-0.20525640994929506,0.00023530701796213786
2009-03-31,0.08391000250952785,-0.02536973490015282,0.033135812152883526,0.07665710944363524,0.0927121823063104,0.09026362446696523,0.0778314999591243,0.0003477957098954043,0.05905937489862123,0.08777576562014433,0.03641411902792613,0.00016590909044625183
2009-04-30,0.11519014770279368,-0.03334074188003566,-0.027451086793438773,0.15705850715666547,0.14117190896479825,0.11720467702010628,0.08385111192932349,0.0179137214505396,-0.017951586716787316,0.09558795849844648,0.30683713562845005,0.0001220238096420727
2009-05-31,0.1319180673598872,0.10232612179073874,-0.02077359939680845,0.019615017910201038,0.036178876536208326,0.06496616325949334,0.05135586812203208,0.030326121628237557,0.01996734056458882,0.05617722925814528,0.02615813369365272,0.00013666666733721893
2009-06-30,-0.014049087267355431,-0.052182918942994094,-0.005570958814338001,0.008202519265885888,0.005445105645315973,-0.006738058881281872,0.005708689491798147,0.018804411396295295,0.001981685285300072,0.0022117699759225395,-0.03197006019612092,0.00013560606194942286
2009-07-31,0.10041468030591116,0.023799058583926502,0.008316481398151332,0.0930724069274429,0.07937742355977173,0.08428750975497379,0.0676160447305445,0.03174742721838708,0.0008781775477542109,0.07577833754303653,0.10770682648780872,0.0001435606080022725
2009-08-31,0.04503083074361758,0.0005356513398515617,0.007634461592576525,0.05495040612283608,0.0335756132474323,0.05555589605006461,0.02117613334482904,0.032200300307334784,0.008413571349757287,0.03598897182170102,0.14323179527601226,0.0001347222220566538
2009-09-30,0.03796520447629592,0.0583511441028417,0.011243109300488996,0.053028866375401496,0.06124204375029607,0.030363621137258212,0.04041312724177604,0.021198948130762618,0.020230531792509554,0.03725873019207171,0.06592748974473062,9.325396860875781e-05
2009-10-31,-0.02523814577802641,0.03722812708124823,-0.0013793297877926491,-0.057011468359125295,-0.03389808295239927,-0.03633492235696534,-0.002778023667041496,0.010140291670238888,0.011445702835387594,-0.018676010082321004,-0.04463236800098613,5.3219696873742516e-05
2009-11-30,0.03921215050146665,0.12786502259277088,0.020172206862496544,0.04664904623727528,0.036350400327576304,0.06304456663628866,0.0585066653729851,0.010737138457790563,0.02799322013214267,0.05981381598724056,0.0656566965524068,3.41666666402792e-05
2009-12-31,0.007096205844807413,-0.07203391451937646,-0.04402855033286168,0.06787115024965651,0.05530015962363044,0.017724409233081273,0.02153050627334485,-0.0023666965931710138,-0.020892196875536895,0.019463065221246856,0.07386799870537031,3.428030282851648e-05
2010-01-31,-0.05065081422531148,-0.012580360682460823,0.023702782420303103,-0.025780825508094463,-0.03873343493480064,-0.02075129114132468,-0.05259546046686947,0.023809480917827308,0.015303170723897308,-0.03603770705653597,-0.055208446845020576,4.232456164205806e-05
2010-02-28,0.0026673229889828676,0.03274821867388655,0.0033186908878251042,0.049034881028796384,0.05421672848155623,0.02600648620373458,0.034582955564545825,0.006958266335752583,-0.013031404193623253,0.03091825460520381,0.05583227917225231,7.916666796071488e-05
2010-03-31,0.06385425591176164,-0.004386396377547008,-0.010569090181840601,0.062225175795627585,0.07844542094392848,0.06481294493935597,0.05764648383346627,0.007223064802555079,-5.7881998732467466e-05,0.060160494427692335,0.1018675069356576,0.00011648550710600354
2010-04-30,-0.0280457799027658,0.058834362933984474,0.016527967011359834,0.04864714573359241,0.03913258193448077,0.01948282038369853,0.013517868407073363,0.01591653900935608,0.025150558769891918,0.015780115648831083,0.0715014177925557,0.00012658730326663882
2010-05-31,-0.111928202206238,0.030513146883171416,0.029330852416617814,-0.0754009139871259,-0.06771775405445024,-0.0792213725704346,-0.08019073244196295,0.00947870490936209,0.001916267518222714,-0.07995985300902342,-0.05334619392653284,0.00012458333435157935
2010-06-30,-0.02061927902394478,0.023553189068376224,0.030483549171196556,-0.06938084731446093,-0.06314142741189122,-0.058199200096215375,-0.04872805526561308,0.011400795038873257,0.012798071852247128,-0.05249754346789437,-0.05212237355155214,9.393939325077967e-05
2010-07-31,0.1161043072763499,-0.050871157346166984,0.009096978175719972,0.0684763624574678,0.06815765891664971,0.07108356290073559,0.06932391505180235,0.002176960053879462,-0.002428049226976259,0.06996121198434135,0.0959342477870404,0.00012341269720641393
2010-08-31,-0.03795048337969109,0.05706125282865315,0.033558513216013885,-0.05343058200746531,-0.043959854906560736,-0.04624952391584147,-0.043455167913704074,0.03029960249318875,0.01942027502092869,-0.04529753399018899,-0.012757253893462384,0.00012083333380746119
2010-09-30,0.09971972381749028,0.047755584400488216,-2.9311652886332418e-05,0.10178739116607871,0.12335088395091942,0.0766054680692212,0.10089506270483706,-0.0009147758299756781,0.007854971188728133,0.08914241320227356,0.04470718170985033,0.00011765873118761987
2010-10-31,0.03805496734048508,0.03682269814892791,-7.068186876224569e-05,0.029109426788169968,0.03861391311337048,0.026175568323757226,0.05019360766555092,-0.00145903650086332,0.024742059773676273,0.037883203668082066,0.047426726091839955,0.00010520833420256773
2010-11-30,-0.04823682211015179,0.021112978094167678,-0.00898154608213897,0.014075076033632117,0.045708105184099956,-0.005208651834586742,0.003047438228288124,-0.0097473769916403,-0.016926719026872927,0.0,-0.01851516407526821,0.00010892857161779254
2010-12-31,0.08308077104175049,0.024368653791006833,-0.034309530302298,0.0760592911561484,0.055450020957367396,0.08249335696432691,0.05386143951728872,-0.006060709301210165,-0.013876283315594984,0.06670576449925947,0.045507342423402264,0.00010606060594771849
2011-01-31,0.02095507108429384,-0.06379762129208244,-0.0002134937036696316,0.025925220516729963,0.012510585515981498,0.031884638272941634,0.014622651904904638,-0.0005673142144471122,0.00018617897081685264,0.023571105505702183,0.03250826409254515,0.00011895833443850279
2011-02-28,0.03549775074099726,0.05998312803425154,-0.0020832509582676684,0.04170717337326657,0.05049983133078495,0.036916695132567456,0.032428093866878394,0.003177295724085205,0.00720810043376785,0.03416302154129092,0.04705269184939875,0.00010285087746747752
2011-03-31,-0.023882738512835067,0.01598138086384293,-0.0015463231350771878,0.01841326925487685,0.031230643180577777,-0.0025716280690046833,0.00262474186042172,-0.00047360400397855607,0.011902372704756026,0.00029486240900888916,-0.016106271930462435,7.518115898837213e-05
2011-04-30,0.05625824884280406,0.08944654978008071,0.01841218756439944,0.01925750394759418,0.03289514321012543,0.024798526167217227,0.03289234968793586,0.007232993895012196,0.02378037560512114,0.029479086475946437,0.05746527930077794,4.020833332712451e-05
2011-05-31,-0.02206129940576318,-0.017916885312225905,0.025055789291144936,-0.016276019041986056,-0.00912445463696665,-0.018187276562570687,-0.004649548069525666,0.007289738905949861,0.002659376367034172,-0.011453777317818936,0.013746988098307655,2.440476191363164e-05
2011-06-30,-0.012107191505045356,-0.024325042799353547,-0.005044414702618738,-0.024521843757044137,-0.016314802573048848,-0.02175638830850768,-0.012728675461086358,-0.002381619640172694,0.0075488951801478965,-0.016735346762128622,-0.03299235637973141,2.3295454412811632e-05
2011-07-31,-0.02377789882586334,0.08417803620638908,0.0316961782087517,-0.03999966903276264,-0.03064413998762794,-0.035806558996283155,-0.005469431059855312,0.021490446170652433,0.03899558902320277,-0.02046881015413282,0.01564072040377784,2.354166648971538e-05
2011-08-31,-0.08754913665173514,0.12274943937515781,0.046513262231535624,-0.07465303475841811,-0.06843348606914168,-0.06189335600839818,-0.04819089552507694,0.000469875138996656,0.006435032800024443,-0.054464352198342,-0.056192774296729975,1.2862318789289481e-05
2011-09-30,-0.10808286133092515,-0.11062347246832638,0.022370051941249747,-0.11077716212824151,-0.10171742334904366,-0.07405659066501857,-0.06504688686653293,0.006043529859971031,-8.706719980877686e-05,-0.07058332348214769,-0.10841938233377657,6.547618901268358e-06
2011-10-31,0.09627490471306843,0.0587118747477946,-0.012864483233594126,0.1417964950695645,0.13345937825276022,0.1120589813324453,0.10466997922617916,0.006123406004746812,0.020704512898901628,0.10913774821198685,0.14291339498518774,9.920634735848696e-06
2011-11-30,-0.021764352824922617,0.016672693952307194,0.0057986443856608005,0.00490878574395337,-0.011293627849725318,-0.003835140176619456,-0.0023654836742155183,-0.010841007208383657,0.0052530575800953105,-0.002336466803487758,-0.03801187913131643,6.150793513312699e-06
2011-12-31,-0.02174916441561814,-0.10662433944055594,0.019876828412664027,0.00884282288171212,-0.01710779655429051,0.01902721933195317,0.004260470541877837,0.028843832438419037,0.0016394452559982398,0.01022432337650736,0.048503176295585426,5.357142737401383e-06
2012-01-31,0.052695164200019295,0.11395480912860867,0.00861960659908001,0.06330593285133324,0.06857095903796395,0.049109523971679225,0.04107995667083708,0.013334906874946428,0.02288092834563371,0.044646153212669404,0.06379388772808525,2.2291666672875485e-05
2012-02-29,0.048331441358560934,-0.029649780549572347,-0.010997919625853725,0.03948506445297073,0.050142219366972496,0.04137142942442762,0.043304089630460396,0.0021540923052947303,-0.005780493024884703,0.043068278385402614,-0.011507917195733297,6.916666682809591e-05
2012-03-31,0.004207898834959201,-0.013208340481005276,-0.01591297964053595,0.02073355466622151,0.016467471153724267,0.03307206584110811,0.03276527951633201,0.007014234608656578,-0.008595674262338981,0.03282806899346147,0.05200169273123656,6.13636365442565e-05
2012-04-30,-0.020768637675408597,-0.0014803247076433657,0.025092016107273185,-0.004214804251466808,-0.0014229191141625908,-0.013244860015442228,0.0,0.008845814126109408,0.017847791923460088,-0.006395666660120591,0.028593956227636497,6.354166707023978e-05
2012-05-31,-0.11144219328345017,-0.06338034010471139,0.028695299359014825,-0.0661963625106271,-0.061810211855438,-0.06617768668856983,-0.05453066099452397,0.005467137607876982,0.01946370436778766,-0.060178123855839205,-0.04505909709324463,6.723484955728054e-05
2012-06-30,0.07043321151875492,0.02354575543588089,-0.004142608063607556,0.03208986727947605,0.006955042644909648,0.04654711758292196,0.03576722204006688,0.0015798575199199583,-0.006688961392947501,0.04112594958997029,0.05517093812555074,6.686507975534787e-05
2012-07-31,0.000800673161541976,0.008376847936764742,0.014011018124029606,-0.002450236442154252,0.0010392660795242037,0.008349557429955912,0.01768492619371753,0.019013970597589802,0.01754596672849673,0.013699591758739915,0.02002122664212469,7.242063592587198e-05
2012-08-31,0.03199991873857333,0.04939609851235338,-0.0011736743551340467,0.028126270161320965,0.04189826030053734,0.022133550781803235,0.023659678074372525,0.010531928330387075,-0.0024706171147526046,0.02239348767984284,-0.0001495052242316275,7.644927561067153e-05
2012-09-30,0.027131772107654717,0.046705627280061,-0.0034817959565333068,0.020149965314675056,0.016207217333606305,0.030994123710110122,0.02116937726655843,0.020260614640702723,0.005118067011944172,0.025764668715995143,-0.01863208225908597,8.092105290607403e-05
2012-10-31,0.010943679763045555,-0.029437416816341377,-0.003960629631561519,-0.0049407404037355995,-0.011611009565329566,-0.007143929494229928,-0.02851704246727471,0.0027462683468866267,0.006241966365552409,-0.01859520223091571,-0.009081186010049813,8.055555530720288e-05
2012-11-30,0.02780874604064021,-0.004675410721908135,0.009792133675760262,0.01832354138793546,0.026206231010177383,0.0013776946518011535,0.0088599822521791,0.009899355791435305,0.005580265237154158,0.005600002591196418,-0.0026402506396264735,7.23809538970864e-05
2012-12-31,0.043811556355958015,-0.02426979045607558,-0.009403966261401497,0.030546898206329276,0.011894266125162423,0.022370376552485416,-0.0013918190616499793,0.00605134535552998,-0.008217852508513923,0.008958070517171013,0.03722746116236619,4.816666742165883e-05
2013-01-31,0.03728457385659101,-0.005061148639644464,-0.012931312507827752,0.07442748789767872,0.07044849140529919,0.06431665504786066,0.03947737789612704,-8.621007024689487e-05,-0.005189114812260476,0.051762172308692955,0.03738578568754347,5.361111051151677e-05
2013-02-28,-0.012885648712194997,-0.05086846838387371,0.011325026763876256,0.01573349927531087,0.0022864937215711922,0.011605326341223687,0.011812258577102996,0.007340142946613337,0.0019038912747717518,0.013389659290457878,0.012159120897853981,7.381578891031575e-05
2013-03-31,0.013053856116451046,0.009477104236877087,0.0028680784367054457,0.052653199957010344,0.04554074314251566,0.037775926331692355,0.03826950366934656,0.008127685391942974,0.0021487995185687225,0.037347969975297435,0.028721832946492,6.587499954427282e-05
2013-04-30,0.05018622605701273,-0.0756231330952718,0.01525292929032207,-0.00019831014664717372,0.011784163388195212,0.01775111589117473,0.020272127557351638,0.007527377151876236,0.00792133842529541,0.019085713423270922,0.06734729028458397,4.5037879185243084e-05
2013-05-31,-0.030190286447206005,-0.06198785346133606,-0.031050135874759355,0.022008298633434897,0.022059317635037434,0.024630663324677782,0.023081093836558875,-0.01915756185400963,-0.04193236675654377,0.023274713675722314,-0.05977677981932983,3.0265151537164594e-05
2013-06-30,-0.026779403643214628,-0.11058839427335088,-0.02546206462815337,-0.013621925183486483,-0.024454464891675465,-0.010014877377625186,-0.01917407859210629,-0.018542268679845098,-0.03802024381263858,-0.01349333686732046,-0.019819235579230376,3.5041666589677335e-05
2013-07-31,0.05322851724827893,0.0743010530498811,-0.003526619118002672,0.06457964271742189,0.06178690854349744,0.052395614748861785,0.05285027110132878,0.00856671972247458,0.009019626439882078,0.05072274484656503,0.009022431247737162,2.090909070278885e-05
2013-08-31,-0.019552185597415783,0.052047484216675155,-0.014225862036287618,-0.039606179460497826,-0.03728358432932144,-0.035991995157845014,-0.023516103313628633,-0.0037791484833639144,-0.018262164176243267,-0.029118299675512938,-0.0698012941286893,2.9696969766959998e-05
2013-09-30,0.07824890078740454,-0.047838379698351585,0.018462419867951496,0.04738875625351291,0.058808478980664436,0.02473984892263159,0.03875130460629106,0.0058048784939184195,0.017562256672650767,0.031181036071325607,0.034818987882375474,7.958333163211743e-06
2013-10-31,0.03260172037227993,-0.003432632525768975,0.0077776949906442905,0.042122203054709706,0.031414164696318636,0.04379466393346809,0.04722519718666174,0.009002407279718128,0.0034390108646307205,0.04586538785721239,0.04520650114783442,3.0579710028309754e-05
2013-11-30,0.005464508721657602,-0.05511195422936577,-0.008762900105928062,0.009682685849063954,0.015960561043000476,0.02813456403011716,0.02703495391755384,0.0054587396320529,-0.01056744194522019,0.030283612520876968,-0.05250952783942964,4.904166686659058e-05
2013-12-31,0.021761203541234453,-0.03794527189279151,-0.020906169570197974,0.027301578021964534,0.03295359037500423,0.02274703129383826,0.031850219572999494,-0.0005421536501508673,-0.014526381823989465,0.025166090185045897,0.0010187506294399018,4.7857143014432896e-05
2014-01-31,-0.05201151743952248,0.034188714238774454,0.030633033060411208,-0.016690902172924016,-0.02583449938051241,-0.04001877316120528,-0.029367553906669563,0.00941578538983956,0.02101894832743323,-0.03469066526753872,0.042750629508167215,2.9642857012471977e-05
2014-02-28,0.06131114767325618,0.0627030280482701,0.003574534823846953,0.044185555882311434,0.054337045919588656,0.03778667354485399,0.052164903957002906,0.008680029159709779,0.004366771013738946,0.04560667838112953,0.05065385400117317,3.359649113885928e-05
2014-03-31,-0.0045920764576949935,-0.031421423365686874,-0.005610561907855138,0.012686509329675744,-0.006650514483015679,0.026258705857629572,-0.006789724011022069,0.007034009278630959,-0.005323915504933385,0.008225115241132563,0.004968809846127353,3.551587358944946e-05
2014-04-30,0.016666729955503445,0.0049348807324614,0.007582051631938924,-0.0022422837421660624,-0.02779231551610073,0.011852602848713145,0.001602750042213108,0.00700248000149184,0.013202296431595428,0.007241103758298895,0.032851770574770844,1.749999993037255e-05
2014-05-31,0.015954469715860453,-0.03051039187154414,0.0182545269013481,0.016146568792341665,0.018968383641913,0.012168563902422047,0.03280023122878406,0.006131410887411315,0.020013955887603574,0.023349327559160082,0.023992601100566446,1.845238083559606e-05
2014-06-30,0.00920744226357062,0.06319017654797743,-0.0021673302307443354,0.043277216934613616,0.038853292658255656,0.019529080362082007,0.02213302652755922,0.009252560841259694,0.003697977626358151,0.020526607860224422,0.011341501556468403,2.0238095044439273e-05
2014-07-31,-0.026034962477527013,-0.03631673024297155,-0.0022051897037453916,-0.04443734152391987,-0.042462678332563564,-0.014399404194515575,-0.01264419566313002,0.009091220087295016,-0.0009217781966154304,-0.013880047370369186,0.0008014079142206754,1.4166666607541796e-05
2014-08-31,0.0018021544380655286,0.0038090706137288155,0.018802541650986493,0.05310041531750187,0.04933199026908497,0.0356252476010519,0.042461251067962946,0.01568239609583122,0.0060756293994055355,0.0398717096289436,0.03044056241940396,1.8055555484597646e-05
2014-09-30,-0.038824661788781634,-0.061763293138879294,-0.010495126372091157,-0.05427970313845365,-0.03826747231213168,-0.017143714349403094,-0.009982225288757918,0.0012695720049942238,-0.025952620371276325,-0.014181823709957686,-0.0604051456259016,9.920634791284563e-06
2014-10-31,-0.0026514835176945084,-0.03054810644807593,0.015363434324497716,0.04164232672171919,0.031231153026060277,0.017875467841420578,0.027803715009918628,0.006491847235250203,0.00901219353148619,0.024231695276157206,0.09937337877233299,8.84057953953743e-06
2014-11-30,0.0006257711543626865,-0.00488197260677703,0.012886796010377344,0.011969615148787138,0.024714849075140766,0.02366890670121169,0.031059257125134465,0.014255635359681662,0.0015919198450897731,0.026824284414835642,0.020002503284196615,9.99999978056733e-06
2014-12-31,-0.03992793282485019,0.013112132840068735,0.0012932553917843759,0.013776412205762867,0.0008136540981311668,0.005142630620339483,-0.010149955890835227,0.012078486418891865,-0.010512378505129538,-0.002535720855778245,0.019039106575521325,1.4696969618936155e-05
2015-01-31,0.006245872637923755,0.08689905756357263,0.04302340281309691,-0.02910118819825369,0.007390230794943609,-0.044790377269924075,-0.016577249366556246,0.01996821069003607,0.03231850614410936,-0.030122832724226112,0.06851889022244095,1.2583333164608726e-05
2015-02-28,0.06337781572375212,-0.05905219494812319,-0.02471771189488503,0.05736819383455871,0.04420239003283832,0.054817819643935284,0.059772659662968186,-0.0015492424232205204,-0.012885712369091529,0.057338430658859574,-0.03674197137089852,8.201754361946593e-06
2015-03-31,-0.01428554720150177,-0.021522037888980217,0.00856082495138133,0.001039025252549175,0.023666129210407894,-0.014620284943787865,-0.01698613669146576,0.007222393696623586,-0.004818710749830979,-0.015894304047504138,0.017319250064707248,1.4242424125162262e-05
2015-04-30,0.036465795774263565,-0.0016716737223684275,-0.006330176028861212,-0.0030544736413755658,-0.02553756209537128,0.014368437688001334,0.004914737414031478,-0.011353664343825232,0.00677834155088064,0.009490646440142747,-0.058475157386818855,1.1468253815398804e-05
2015-05-31,0.001954453643822962,0.005552104050766671,-0.004162945546437702,0.009574628494035009,0.025309412905769157,0.0070296891280989815,0.017727498464398472,-0.012044746020824948,-0.01005520473885535,0.012726069356446601,-0.0030234204998907943,6.791666673962027e-06
2015-06-30,-0.03118249989278432,-0.015162101232906178,-0.01630924543534451,-0.01788978061421609,-0.008745016196586297,-0.019663621090614147,-0.019654512879413444,-0.01706453261128782,-0.010246585927819907,-0.01935208162125923,-0.04668591611613748,5.795454560553259e-06
2015-07-31,0.020318374098202696,-0.06620986259282224,0.015183957307562279,-0.02202247914083244,0.022300720177443667,0.004446624362284268,0.03688742959055746,0.018259591510992434,0.005354749199192099,0.02080273547593281,0.0577048357022818,1.810606057529874e-05
2015-08-31,-0.07425143412974422,0.03707232801234017,0.0007906088849025661,-0.045194959018934666,-0.06573172191258658,-0.06046231880099262,-0.06140975688742678,-0.008606307779733147,-0.009498903437266892,-0.0604158481036744,-0.06291126583933337,4.595238092680654e-05
2015-09-30,-0.04418865813626194,-0.01801138660144541,0.015791893174452065,-0.037762602814568336,-0.027093982017719953,-0.028165295710277927,-0.023063307148240342,0.0034045899613659447,-0.0052302562542593245,-0.024980052991373625,0.03059739787492255,1.6468253858860523e-05
2015-10-31,0.06612005877526639,0.022833636790845047,-0.006369309239978249,0.060684964492072835,0.05130826570964797,0.07378326719704553,0.09452699895333638,0.008019274894842665,0.0030010453878484,0.08422717422123971,0.05758505821583726,1.087121219219019e-05
2015-11-30,-0.007527447035076462,-0.06752062833262484,-0.004276427603786881,0.014956912085499763,0.01229193879479018,0.005652455074549367,0.0016949210021781624,0.005061998292689163,-0.0014417693367586581,0.002863832216274176,-0.006258549840402972,8.908333334450921e-05
2015-12-31,-0.02331873278953034,-0.004513334897339294,-0.004530655010546836,-0.05067373520931384,-0.03374323866623019,-0.01794067141771538,-0.016012700266802682,-0.006560402201422955,-0.010108282674052615,-0.01602467718314704,0.01831018145822516,0.00017178030289483794
2016-01-31,-0.05517716113655946,0.05410997351969926,0.03333654500906991,-0.055802030316408846,-0.05784039007736719,-0.049474219846844525,-0.05172725293526925,0.010801255702764134,0.015681975617143573,-0.049766154360572745,-0.034366084601108016,0.00019934210534158507
2016-02-29,-0.03334543682617397,0.10930343875618398,0.014860103931972679,0.022049585896997126,0.005737045364408111,0.0059412470591968525,-0.007376074012870104,0.004597114406208025,0.012207998118253682,-0.0014518742056214284,-0.0036369243103124838,0.00024600000058611234
2016-03-31,0.06582156662024397,-0.008428860461434318,-0.0006609987315013832,0.1013576480577707,0.06875490994430145,0.06881881509892906,0.06718531800830174,0.012141691122282472,0.01667322351747802,0.06777810298878983,0.10465432810166941,0.00023170454427599906
2016-04-30,0.022218164054391254,0.051088083708025867,-0.0015616967092787482,0.017010471838398766,0.006026707738636006,0.01990407806248551,-0.011821920283003107,0.0035459813156266673,0.002092910283570948,0.003736945302043715,-0.023508096830829217,0.00018162698322345342
2016-05-31,-0.0008556690692493873,-0.06138296703293311,-0.0009916230935361758,0.013713929563567984,0.03337628166763129,0.009158295954463158,0.025498263352553785,0.005699522931527978,-0.006441572311228438,0.017829052392352107,0.02248511127872388,0.00021309523651051146
2016-06-30,-0.02419404660581037,0.08969501879279118,0.030875332628598873,0.005381046071015083,0.0027756952439368376,0.009484062111292602,-0.0031069727317190043,0.022999450321038006,0.022488477297574194,0.002527457394843502,0.069284223334791,0.00021261363544247366
2016-07-31,0.03977060179180758,0.01984656031160892,0.002465154075572018,0.03959366256724839,0.04470410920676393,0.02658730892635619,0.04614857008144324,0.010153498387682314,0.006387569536397741,0.03676352800242455,0.04263017153556281,0.00023433333449065683
2016-08-31,0.0053412238759686925,-0.03256316550912575,-0.01011441739923935,0.004282016237867392,0.006396377180359902,0.00566232106492115,-0.003443451800983821,0.0032297473255213927,-0.0034264856462439264,0.001294698051639287,-0.037641860935060945,0.00023612319019393645
2016-09-30,0.013367567329384933,0.006892135107908315,0.002374342565798937,-0.00016156501913311416,-0.014062520633016273,-0.0037714415000491552,0.0043505153340892555,0.003887509332475503,0.00750735155144544,0.0001449996022488964,-0.018325760392463808,0.00022769841291601694
2016-10-31,-0.022154438358525597,-0.02944919584699579,-0.014947089912758282,-0.02112797086561624,-0.03325160123793991,-0.015059027553211979,-0.020960313001314845,-0.00755950718200471,-0.005408323919482649,-0.018330701550907214,-0.057412802454049006,0.00025591269608527895
2016-11-30,-0.017814182624913744,-0.08356570639157301,-0.04227220141853838,0.1000078173032839,0.057660473598148076,0.06297447999287487,0.012089889623444039,-0.008578410367411582,-0.02071475575097359,0.03698981907635779,-0.01675652795385718,0.00035916666686534876
2016-12-31,0.027062977786143083,-0.019149882681417818,-0.001184740136206175,0.01891575478247809,0.02381812940572048,0.0258994631199696,0.014496343930755495,0.007796468423909353,-0.00040603199524813505,0.01961131711600128,0.04817108930459346,0.00040734127282150207
2017-01-31,0.032911830572064815,0.05419215772584596,0.002194538864969342,0.013704385972794109,0.019209655401069448,0.005819585989706111,0.029230656094773932,-0.007647051443521291,0.008924363866928964,0.018831221753551786,-0.001938690954822797,0.0004144583381712437
2017-02-28,0.011906623088847823,0.031847686784806095,0.007235409808671767,0.01888592482139395,0.0319333758939524,0.037854251384451754,0.04068620641940801,0.014176587203040159,0.004116503039768515,0.039627677013742035,0.035085878867460396,0.00042535087779948583
2017-03-31,0.03231694136254459,-0.00427746474772539,0.0008061331241129288,-0.006939357428375148,-0.0016766207333756,-0.011625751596228251,0.011593542270903479,8.904263018028047e-07,0.0,0.0009455193569338771,-0.02423681465831673,0.000602536236030468
2017-04-30,0.0242412932661229,0.01726748147982482,0.011087466743007202,-0.0014816081792368152,0.01534740035482618,-0.0009610236766829372,0.019692634618783122,0.002763308363257888,0.00449814538754767,0.010181060740358738,0.002421690330353554,0.0006542105240780011
2017-05-31,0.035423275155588296,-0.0012419798017191397,0.008267624385591033,-0.015246488590242024,0.004900863653675147,-0.003367715800321136,0.028186000008808332,0.004753883718955132,-0.0004009535260208752,0.013937328366841584,-0.007247653181224001,0.0007322727279229598
2017-06-30,0.0029601868489890215,-0.02155534773928114,-0.005095341982351509,0.021872510051999416,0.011684305381966409,0.018854957474536027,-0.004041581759423485,-0.0027470741201844895,-0.00867012359100272,0.006114178160727457,0.0223265743622465,0.0008093181839494995
2017-07-31,0.02653397549336267,0.02313170169958645,0.003748426992186804,0.009222308838425564,0.007679645923980738,0.013909853670951655,0.026087246228446714,0.004753982873837215,0.004614019054584029,0.020424593208816955,0.012375308495240045,0.0008789166659116744
2017-08-31,-0.00044810020271834894,0.04198757511241591,0.014575546950133189,-0.02067712789630427,-0.010094524092401969,-0.012403277930101986,0.014314093243387616,0.010608586271750431,0.010375189297332721,0.0029342836326542443,-0.002611040317423541,0.0008414492702138597
2017-09-30,0.02361730955219854,-0.03369891808976022,-0.014415865335545508,0.04452302007606024,0.03416442866450531,0.033009529318206,0.010768044704625002,-0.0017806034477115817,-0.007020177767146141,0.020596329739006602,-0.0011408365040597168,0.000847041664024194
2017-10-31,0.016792895177970557,-0.007484813689786707,-0.0018893147080690786,0.009166574832013552,0.033455325413656256,0.01149066861066883,0.032910893848475675,0.00771597266857138,0.0023605881290129638,0.02317594934358791,-0.010710938982323226,0.0008858333257111636
2017-11-30,0.006893671135470125,0.003563440057186007,-0.002792691721734686,0.03782553889261475,0.037105774135045566,0.03353156138715274,0.027473193987782363,0.003833620854897468,0.0008627004982768582,0.030593097954309423,0.026642501753697756,0.0010119047666352892
2017-12-31,0.013488594357118355,0.021057003170010358,0.0018476943734118123,0.005503836208685442,-0.0016447606731377906,0.01822979511972367,0.007099251162093756,-0.0015756843682517285,0.00935492024613982,0.011017128320916836,-0.0014743644827431845,0.0010843750039736429
2018-01-31,0.05020631626717442,0.03234937283169237,-0.021502413240187868,0.012554101435291232,0.04313595006747084,0.0402662004998382,0.07134845298441905,0.0018757746938355968,-0.008502930033737921,0.05712690117722952,-0.042540255420974615,0.0011640079248519172
2018-02-28,-0.0483477672121565,-0.020759902030566435,-0.009327637166936742,-0.05039476852778002,-0.03886476165146879,-0.055537034655309014,-0.020589595980319952,0.002061241803450242,-0.010336931538599825,-0.03698450206522663,-0.07677798224996446,0.0012912719291553164
2018-03-31,-0.008396225116194866,0.006320007324218668,0.01155778198311519,0.008220003879682247,0.010995725514083121,-0.020231835986752933,-0.029807392541410516,0.009825851434185573,0.010096422810005112,-0.025601993911050114,0.03890766371665966,0.0013998016005470637
2018-04-30,0.015212270240964942,-0.009539745360543916,-0.012765584079545311,0.005954529593666047,-0.012183229991529654,0.005030252635709109,0.002450233015572234,-0.0013893813087472173,-0.0013127137178896575,0.003732541671306322,0.008214987414584929,0.0014456349185534886
2018-05-31,-0.018942379672949983,-0.011959209467577336,0.009860966157349216,0.042336669387448955,0.04098835767812692,0.002456827570690656,0.04316492755799106,0.002328405527463495,0.0032917029982610924,0.02394540772302145,0.03679860481750019,0.0015377651606545304
2018-06-30,-0.01584102556333289,-0.03614944763120931,0.001974365032703096,0.0042828397760013015,0.0034896501365213606,0.006205592323857756,0.005737518086942117,0.004370448591900722,0.006473672148157306,0.006011368413860518,0.04202187025274706,0.0015689682582068064
2018-07-31,0.028520222774332638,-0.022418909632539674,-0.00527738778261877,0.02085999722909726,0.013791021354386146,0.03986186097025479,0.034253577857452866,0.0006523142169432283,-0.005327049318057386,0.03709305877776292,0.006016157883103945,0.0016141269746280853
2018-08-31,-0.022357736431140918,-0.021381117106768266,0.01014023439075662,0.02533140456384797,0.03804644504656918,0.013360134064822171,0.048043847337656764,0.0008401437502507658,0.006446658946366535,0.032462679448295395,0.025750316700148934,0.0016820652372595195
2018-09-30,0.009652449987953782,-0.006607347245927042,-0.012050424072540866,-0.009585641082914376,-0.012431755392896648,0.004038367968915102,0.007848024076805737,-0.001390825470879431,-0.009704392575233478,0.005537535803281202,-0.02664360089963469,0.0017610964858741094
2018-10-31,-0.08133552373569863,0.02119545356837582,-0.003030247229577676,-0.08886639967883458,-0.10238683659652148,-0.05343609480495903,-0.08065704478345048,0.0025167878875822502,-0.015191633797595805,-0.06849033713286579,-0.029251397028278836,0.001859057968941288
2018-11-30,0.004963193913580133,0.003386881324189961,0.013300674310377847,0.02938470709684915,0.03371748625674864,0.02517088390537725,0.01387538665488286,-9.034253435435957e-05,0.004790804595191656,0.02026672149583142,0.04673130663388414,0.0019264285526578388
2018-12-31,-0.05349767488914203,0.04942010593064916,0.028042325968798965,-0.11403233018247183,-0.1129301054707409,-0.09391472657701327,-0.08466774668956378,0.004606070053924105,0.005313236902792617,-0.09048892454905078,-0.07951882302970836,0.001952280694978279
2019-01-31,0.06634926922036355,0.028865979381443196,0.006525998897691121,0.11616298336675235,0.09182636109785935,0.08542599566733866,0.07400279217112349,0.013917318228990672,0.014244678147539824,0.08002080099882458,0.1185463297647047,0.001964642850179521
2019-02-28,0.025366781158091767,-0.006092201492829408,-0.0052551743187078115,0.0392466192181391,0.04559609452239166,0.02240860400730793,0.0409713687400064,0.0026011713172708895,-0.001710605594868242,0.03200516955290267,0.006953565893757396,0.001978377156090318
2019-03-31,0.009180108451211755,-0.01596899557748621,0.026551219166228268,-0.01792730823192057,0.006378335376511446,0.010125649867090747,0.026720750527039483,0.013081977762936958,0.01975156651735266,0.01934985327259975,0.04216467622742193,0.00199047619388217
2019-04-30,0.02929390249934838,-0.006638842503124187,-0.0051852830665838345,0.04676025891327096,0.0324965392731289,0.040979137539423505,0.039452017633351044,0.0019280314671206167,0.0022108088387349234,0.04041102276553321,-0.0016109036174132285,0.001972817437989371
2019-05-31,-0.05032963435519311,0.017574298155486723,0.030485734056422853,-0.09646367319906723,-0.06365481991655408,-0.07549435872033561,-0.052634593776053396,0.01046741590770739,0.017522573424820775,-0.0636457337338513,0.0013829857388714117,0.001947954513809898
2019-06-30,0.059116513292421846,0.08002914919848991,0.012171790137858851,0.07886544820904007,0.07110774283576426,0.08045940369075755,0.060514595718118125,0.014840031351153637,0.007493552958112826,0.0703232676214427,0.015543250317266333,0.001796291689078013
2019-07-31,-0.01947359000123372,7.514839229982861e-05,0.00038237948770136754,0.013544864889300623,0.010297359598209432,0.017500305478660216,0.011883245986812785,0.010070302195600123,0.0031509872833155317,0.01425902776488397,0.017047944323461683,0.0017365530313867511
2019-08-31,-0.019239663285709918,0.0791231345612986,0.0395163618300467,-0.0532697515088667,-0.030227329307691675,-0.026641833684868832,-0.007664100513634087,0.015331920505912366,0.02331056202641002,-0.015911197145454636,0.03746187835265968,0.0016114015154766314
2019-09-30,0.03164044059270332,-0.0339478600543478,-0.011860821200798233,0.04981106133376989,0.012666784195845882,0.038150401192995176,0.003703596064495329,-0.004660428854490584,-0.01106366432339978,0.01861749697937176,0.01927045279543438,0.0015629166613022486
2019-10-31,0.03389065020941162,0.02563546974700759,0.0018787846184773471,0.013508667898516569,0.009469857100505186,0.026355394078671157,0.017163818363105987,-0.003797600794366307,-0.00029250937673175326,0.021550130355696417,0.011260583943631053,0.0013593116013900094
2019-11-30,0.01127262973379528,-0.03208588289288572,-0.0068718136704739585,0.027212107481822345,0.03172858728927763,0.038763605736890305,0.0341850514422275,-0.00355768524506761,0.0029294627820963814,0.03620421515781791,-0.013043579201526323,0.0012725833306709924
2019-12-31,0.029953930515785876,0.03655877893383952,-0.009280532508042949,0.03078323434988195,0.024578982861676923,0.030084159672965294,0.028929423902435136,0.0014278628667332427,0.003467022626555183,0.03007753498098298,0.007689833646227218,0.0012648015835928538
2020-01-31,-0.028225828253583662,0.04499655849690343,0.03465796421440115,-0.04141056113134289,-0.012809063518070984,-0.026750452993620333,0.022619525920656303,0.01578362528544308,0.021360432890322523,-0.0005024490610756605,0.012285772766151615,0.0012559523847368028
2020-02-29,-0.07765268692401672,-0.006361728631845698,0.029617033291917894,-0.10472907546243815,-0.0826598190280673,-0.0946213150687919,-0.06797306927316327,0.0023985149157403907,0.009223849545521023,-0.08241331086699721,-0.07026479471096103,0.0012511842031227916
2020-03-31,-0.14106677529888134,-0.002224031676743232,0.0372264158632174,-0.243688254340639,-0.16985087806156973,-0.15268923666511514,-0.10285267920336083,-0.03679693132260675,-0.0175792103812632,-0.12401291220437605,-0.19391829213681777,0.00020344697050115264
2020-04-30,0.05817424301935259,0.07261060302877431,0.002752757789472815,0.14432801955548236,0.14025529748041965,0.10638982211847381,0.1425025286967858,0.021731624138148886,0.030286150266685352,0.128138271463083,0.08962045053168488,9.023809613334755e-05
2020-05-31,0.05426909068026009,0.02588161543682088,0.0032748361989385355,0.05279073234679843,0.08816174700862378,0.03230330602927878,0.05960674613601746,0.007975089225796816,0.006511816872825538,0.04755920449684781,0.01734336132993275,9.258333376298348e-05
2020-06-30,0.03511185895318514,0.02737702630176453,0.00042691695531371643,0.009950581336484632,0.013560456052297498,-0.00995219339363096,0.040862523888982816,0.00773713364232842,0.009852495906533365,0.01965801860633265,0.024249328513908708,0.00012094697096582616
2020-07-31,0.019385705003190257,0.10790463097013703,0.008541336712185377,0.027380876949440136,0.061958952879250795,0.03733489577668481,0.07128034416749807,0.012593342454406464,0.023251833257937005,0.05626990018590372,0.03641891489877236,9.356060629766998e-05
2020-08-31,0.047220038523610786,-0.0032356731296194763,-0.009698706266028423,0.03843890757832624,0.03249264949007169,0.03527830725118086,0.0943854737214076,0.0007353950595605507,0.008898792946774758,0.07401872844845303,0.004422988558207663,7.615079393699055e-05
2020-09-30,-0.02046794217094372,-0.0417140433776253,0.0032775921511560835,-0.043737820279258766,-0.024139074103375235,-0.025428206091914096,-0.04779024967736678,0.00797537589637587,-0.003780411794313876,-0.04005812236604345,-0.026642767421372393,7.88492067820496e-05
2020-10-31,-0.03550678589097622,-0.0051942084141127776,-0.013807414786832117,0.034109445796856486,0.013295538211649305,-0.018319162695915825,-0.027696129779634204,0.007105309679690697,-0.006765346416798157,-0.02671403237171288,-0.030015305259972758,7.375000044703484e-05
2020-11-30,0.14269414432395955,-0.05408625961608993,0.003383487645390204,0.16592584074006989,0.12328720566967721,0.12908793443553757,0.09506850939815648,0.00588901542644904,0.01207285482060616,0.10935669220123523,0.09674904193466372,6.608333329980572e-05
2020-12-31,0.05015423261115748,0.07013861264675048,-0.0023847382704351716,0.06605556255031653,0.06345283410478131,0.033465033933131494,0.03995996151395298,0.008050375895152007,0.010975681775504231,0.03837413778035681,0.02734062255089409,6.151515214393536e-05
2021-01-31,-0.007812413726014933,-0.03223816988295236,-0.010921315591787328,0.011355748638860685,0.019107999619181637,-0.015935123869616263,-0.0048573861170034816,-0.0005404800993621395,0.0026633086546545837,-0.01021353338192954,0.00035339698261038777,5.9912281045526795e-05
2021-02-28,0.022378973511797184,-0.06256881416817583,-0.023632839766947966,0.09578386292628993,0.04103256365073005,0.05897758102533501,-0.000944710072123156,-0.014181686829136675,-0.016876215533626948,0.02757542007715874,0.03425127378679593,2.671052636415289e-05
2021-03-31,0.02513136760900858,-0.011433105943016053,-0.023857176592421814,0.06982529613975386,0.024074549620217933,0.06395334286251964,0.027726974588553333,0.001285782168956917,-0.0026224884048037245,0.043689681827098203,0.05152030014543452,1.5942029118456917e-05
2021-04-30,0.029524334703906696,0.035633887903232075,0.010012669657476048,0.04709109512369469,0.039683349972417625,0.036462542866345204,0.06834581893863056,-0.00027328091467582194,0.01429701772305747,0.05322691503911536,0.07859780378610615,8.888888830644272e-06
2021-05-31,0.034822645092229765,0.07678377966625938,0.004248369213700753,0.019582213788954972,-0.016077298988680933,0.02370402573428132,-0.008913182170955158,0.0011967211041894465,0.010239045667163271,0.006886771747221632,0.008074134076279327,5.583333336592962e-06
2021-06-30,-0.01077996401265402,-0.07147662098325525,0.010225916864921913,-0.028901435559046562,0.01051460328919629,-0.011310858439897875,0.056255313989371114,0.0002782732587747194,0.007247219860794463,0.02321346632618604,0.02637535664516899,2.212121193720536e-05
2021-07-31,0.007733081323026969,0.025297363508325565,0.019902296092036753,-0.0020883450491431255,0.00889640726336216,0.007924339170526373,0.037810764657612905,0.010489160312923351,0.02675784192959041,0.023619843719812073,0.044208751009766845,3.50793655074778e-05
2021-08-31,0.01446744064682215,-0.0007655451490135023,-0.003944190241924828,0.02416275204774876,0.013839709441916481,0.016396482830401515,0.041203013021228196,-0.0024618896829879944,-0.0016410537953426285,0.030290278283199967,0.0215447305700045,3.791666730786815e-05
2021-09-30,-0.03261415119038491,-0.03223525924924131,-0.015971133773896584,-0.03776352994725696,-0.04199176053573961,-0.033022199191201196,-0.05817107149394485,-0.008966941468879996,-0.007801276302471627,-0.04668956505978705,-0.05681455391742185,2.6587301362601538e-05
2021-10-31,0.03179063233469481,0.014797178527087285,-0.004429057970141148,0.04386643866438655,0.07576737105936138,0.04545437265970986,0.09105630089461303,-0.006287970317815361,0.011095605890123927,0.069932508054388,0.07133025444746921,3.583333351545863e-05
2021-11-30,-0.04534725262678807,-0.006900653696985448,0.01092111306811061,-0.02407950956888738,-0.036154477456819545,-0.03249323776064428,0.013392875900317902,0.006706523522306718,0.008650516793266005,-0.007027403500277085,-0.02109321741436554,3.5119047979750334e-05
2021-12-31,0.043909495286852174,0.032990977123064535,-0.005240556673469343,0.059341690876289155,0.040038995140741385,0.07016553827700389,0.02500162470931211,-0.00379496076663266,0.004029510846778717,0.04464407319690111,0.09705612558382026,3.875000007224805e-05
2022-01-31,-0.03634989546655054,-0.016787612677039987,-0.021130302619683072,-0.04056717301783852,-0.10379993938812226,-0.016599734627305462,-0.08402051478874695,-0.007170225411664011,-0.02058831084399826,-0.05187902474996542,-0.08421684004367858,0.00010904166707769034
2022-02-28,-0.03429166041810561,0.061217257237826006,-0.0030408008737780046,0.013372112145317194,0.009292073807024348,-0.014217993066478751,-0.04423289628137839,-0.01661698563132663,0.008556643787898555,-0.03002026971373739,-0.03482687039146881,0.00024539473809693987
2022-03-31,0.005189853874259187,0.0127255799503041,-0.04060934457179388,0.022703703531979258,0.003889702358725655,0.030277634821464616,0.044500593939400535,-0.01385641607667032,-0.018755290677660685,0.03692084580245636,0.06263907399253554,0.00034706521833288495
2022-04-30,-0.06739154238922151,-0.020702963524693363,-0.042282936878858424,-0.06740242488903936,-0.0744145114743281,-0.04970475345970893,-0.12568747974672478,-0.019804822876682504,-0.02183054073592794,-0.08730276198182685,-0.040878366193441984,0.0006082500020662944
2022-05-31,0.019959396009256558,-0.03261547766106776,0.006184259806209624,0.02063555286059726,-0.007410398174474531,0.016488878189599543,-0.01317778588864471,-0.00943091101204152,-0.009922592106173078,0.0017027573790602268,-0.04685387210806802,0.0007810714225920419
2022-06-30,-0.08766636864240007,-0.01565965107712486,-0.00863456537441265,-0.09217652027295209,-0.10037869216192541,-0.08256385061177318,-0.08275439899381054,-0.02045551877185492,-0.031154791407384863,-0.08272437860735582,-0.07448885803102734,0.0012020238240559894
2022-07-31,0.05168819830151561,-0.0258815174913124,0.029614893281284305,0.0915157278488623,0.1277267619377096,0.05907163559702511,0.12792074445872537,0.02667688410650948,0.04309843730518592,0.09209538565921327,0.0861592897930914,0.0018054583271344506
2022-08-31,-0.06116852008134499,-0.02943328245830701,-0.0385383831983398,-0.02833568809817788,-0.03464611238691229,-0.0285066756520006,-0.05406203889840522,-0.02312125644279961,-0.027042237592008855,-0.04090679082431903,-0.06012523465680131,0.0021522826301878777
2022-09-30,-0.09222054450430939,-0.028881810636775418,-0.04734992697985596,-0.09477423637902271,-0.0881093396730035,-0.08500356828631928,-0.09926400062769414,-0.02678472792398745,-0.0673233311469118,-0.09220932198018128,-0.12871305772271224,0.0025622619144500245
2022-10-31,0.0589180201469135,-0.017844407703562548,-0.014539937921093093,0.114444142360689,0.09409686965158093,0.11523487675585153,0.04425233683099683,0.007508146566591822,0.014203858869269892,0.08081223031475937,0.035050821653402675,0.003038888895322406
2022-11-30,0.131681033143638,0.0849186596373046,0.036122195411953495,0.0642074317754664,0.05757838284914141,0.059024718381586405,0.0506538689635212,0.016824501922917845,0.018328918431916197,0.05575602668064494,0.06146042300837906,0.0034257142979001245
2022-12-31,-0.01812887468872415,0.02930648566594085,-0.014880253738430826,-0.05052566762772259,-0.06080591700585203,-0.03885409676130791,-0.07625535217877233,-0.01519219121934734,-0.013173515535306768,-0.05776572333872532,-0.050343455370166934,0.0035073015992603605
2023-01-31,0.09003663082737456,0.05759257431981046,0.03581121271266441,0.1135913999924294,0.07159590514522662,0.0696904947327468,0.05606858718928964,0.022477154320846404,0.020763023544992265,0.06268154293056516,0.10402509422838979,0.003756125013033549
2023-02-28,-0.03074783890938404,-0.05367596391642193,-0.032707672868831694,-0.028418684195732236,-0.00847121986985222,-0.030287623405970576,-0.019747680948216217,-0.008639207646387703,-0.013530087743373276,-0.02449707541186652,-0.0586424688704732,0.0038567105510778593
2023-03-31,0.03129073224259615,0.07916128247166143,0.03721052461973273,-0.053309244588031324,-0.01179006721614484,0.013348152200627794,0.05821525942203554,0.014708839201748036,0.0286437166320872,0.03658518546619671,-0.02155483508863243,0.0038667391348576195
2023-04-30,0.029362221108132358,0.008623522653246951,0.008147688126204145,-0.009925100775461937,-0.005174127300779374,0.017329839037252492,0.01486951234324918,0.0031708818398066274,0.0005175207880869781,0.015509330083196549,0.0031311452432598585,0.0040625438773841185
2023-05-31,-0.04007060773366633,-0.013419890078922081,-0.014383273681183084,-0.036854848139180385,-0.028254106413606372,-0.018719051674661813,0.02529290184025701,0.00043767341177347596,-0.011960502403533413,0.0042075983254579175,-0.039615549517464155,0.004238901481483922
2023-06-30,0.04470042130895657,-0.02221370606110007,-0.012552848885437062,0.09687497645079857,0.08743078849895958,0.0676969196946231,0.062484735247428924,0.003277131125309918,-0.0033985796704621984,0.06595027400159204,0.05629412956907087,0.004276904757060702
2023-07-31,0.0270344673213756,0.02288664235862692,-0.006516768503439185,0.04471220755054017,0.0378666752946788,0.03449336845201345,0.03093074677161911,0.003481403360818369,0.00041069763515988456,0.03202409714470322,0.020344748905805954,0.004361291666825613
2023-08-31,-0.0393498486691497,-0.012777635059315506,-0.007309199895349394,-0.03842038326293595,-0.020683320389183302,-0.02794619076453786,-0.006606002878161044,0.0027527755691425515,-0.008126129855989261,-0.0160225598744419,-0.03377905582051566,0.004402681191762289
2023-09-30,-0.03648821864794416,-0.047605861131121974,-0.03138801701208904,-0.05684835656021281,-0.048901413055711385,-0.04578467064356584,-0.04903008324762803,-0.008397145969962327,-0.019168360667508932,-0.04778300254425061,-0.07263737971224038,0.004417875011761983
2023-10-31,-0.029019209006427404,0.07372411557093361,-0.019277163783433582,-0.05954618614156382,-0.04831112996930509,-0.018200794695998668,-0.024116020492841117,-0.0015877473790807395,-0.007233204876934907,-0.021153942749660426,-0.0362149238506585,0.004435378836862969
2023-11-30,0.08218761633578664,0.02531372564947043,0.045544401931122636,0.09544875314340717,0.07592703372012521,0.09573639944498913,0.08701523591876104,0.02727445274750573,0.027767727388942287,0.09119536363815839,0.12081775088492308,0.004380476172008212
2023-12-31,0.05350987772540705,0.012821182352028115,0.03772299721958916,0.10196393970397732,0.07460830793858708,0.055508482737916864,0.03765171467933781,0.033402841525482785,0.024358427256206072,0.045351557672447695,0.09445321382840888,0.00435337499777476
2024-01-31,-0.004512190847797304,-0.014228180398366375,0.0007260617468392017,-0.03200640401816346,-0.004039348099631246,0.0021277054605330914,0.028495331334667195,-0.0019140300283659872,0.0033491023547105314,0.016656669265490365,-0.050588678482007654,0.00434162696202596
2024-02-29,0.029862754805965785,0.004563548019519192,-0.02082646622469886,0.018661112440451655,0.09581728828691172,0.029496273062974865,0.07211273315248357,0.00011099091335498024,-0.010477504116106817,0.05328691242826178,0.019787981151724088,0.00435504162311554
2024-03-31,0.03378641080510136,0.08668323846462611,0.007332202927794462,0.05528206567159666,0.057110794607092785,0.04608096503187031,0.020693629720339723,0.013879955608561811,0.006465597913606347,0.03204952924482152,0.019510254612657985,0.004356208324432373
2024-04-30,-0.03243195221678341,0.02989497307015121,-0.03129760412376226,-0.06112098911995034,-0.05928775834009181,-0.042931477273396856,-0.03789675156870298,-0.008466214923023685,-0.016908074512949955,-0.0409561575187245,-0.07944026256963477,0.004360909046548786
2024-05-31,0.050601850711024854,0.016189210429127243,0.018001578881387648,0.04781199846571238,0.04123964947206549,0.02981162928546288,0.06597719293315851,0.004102359675550282,0.017770227067493316,0.04945712758750065,0.04559732123340687,0.004368863575386278
2024-06-30,-0.018267363096500122,-0.0013469974027457976,0.012169693809486848,-0.02056900034597986,-0.012671240875481438,-0.0068729391774948745,0.06947725281320283,0.006042539477924658,0.007615213376604979,0.03574314466963324,0.018755810789875538,0.00436017538371839
2024-07-31,0.025915968855132032,0.053671963349382734,0.028972256871876212,0.07782487720755826,0.04244706340888227,0.04774468558089451,-0.013507693593898362,0.01418494000516568,0.017274176775035954,0.01204727278348372,0.07939356960135524,0.004325643922343398
2024-08-31,0.03260326437650751,0.02092249026936499,0.013457834714678318,0.0044157791147878545,-0.008274476582518453,0.02905090436632074,0.021579629449710147,0.003853213553429713,0.007990530507487659,0.0241409342280845,0.052206734443734026,0.004198750004623875
2024-09-30,0.00783320872197768,0.050888514912532656,0.013824896600466818,0.01238822366053971,0.011678198668457318,0.010572258317140815,0.028260234770979054,0.012833090218078214,0.014975949032372649,0.021223742397459944,0.03269656378012464,0.003922166645526886
2024-10-31,-0.052732266674294426,0.04299348742370923,-0.03387396388738417,0.00040451100349137015,-0.01381487319900132,-0.012831565929237398,-0.00668397653653352,-0.00818943300377728,-0.018468821565624682,-0.009157727217968814,-0.033565924435741135,0.0037499637707420017
2024-11-30,-0.0031557275813671737,-0.031241364603207922,0.010209449718490582,0.08862308810477248,0.08934477818829545,0.05923758513468824,0.06150771933733168,0.012868214531822408,0.004980412140346946,0.05856560890288365,0.04259163479051464,0.003671875
2024-12-31,-0.02950160423840409,-0.014088486936242095,-0.022584038010942553,-0.06719982602077901,-0.0772619381279922,-0.06913186148311268,0.00691542651785837,0.0065304043876357465,-0.017143922970051406,-0.023935230017917197,-0.0837217815475173,0.003544206354353163
2025-01-31,0.04800943518517631,0.06785607873643396,0.006165702016355912,0.03777205921280058,0.037061468537969544,0.027713698441041767,0.02619921255909219,0.005663529882232066,0.013702377346412442,0.02772463888340182,0.016501899428084332,0.0035000833471616113
2025-02-28,0.029530598529776242,0.018216241876358952,0.027996893603097428,-0.030922224226294648,-0.05546134773482059,0.005250534226688863,-0.028985568173646614,0.0033275655666684667,0.021572170847129257,-0.013156628768009493,0.03699611916664791,0.0035064473486783212
2025-03-31,0.0018386428088510431,0.09446585889998316,0.0034194996004179856,-0.04373131162237265,-0.0636857037363393,-0.02978328958313059,-0.0813927416142648,-0.0062164266684408,0.006797229062822652,-0.056483716583632826,-0.02587783866904647,0.003492182606742495
2025-04-30,0.03695090868179385,0.05424437277239913,0.010561005557214731,-0.04610372658539752,-0.0037222969834218578,-0.03751702896501896,0.0196058538166477,0.009759544072018178,0.001259273635088487,-0.006874996183384829,-0.024409066573707228,0.0034964682563902835
2025-05-31,0.047905551108621935,-0.0005595776946504261,-0.012395921796543474,0.04623060870730966,0.061709053757935006,0.030311330050101226,0.09434760215691984,0.0007246191859757722,-0.006319065565068338,0.06280871259377085,0.011207956000155006,0.0035268254128713455
2025-06-30,0.023962147637806686,0.004051318985581975,0.01601943936949768,0.03868419051117922,0.034548371751062845,0.0384288026203341,0.06414118093776344,0.009835227349514364,0.00938382282498429,0.050760092853537886,0.006884901061234405,0.003516708314418793
2025-07-31,-0.02091947866326338,-0.0061345510598058706,-0.005939037761089505,0.00865832100725128,0.022532462598933156,0.007982826891943295,0.0345140450946364,-0.00028405980731827096,9.12075817949276e-05,0.022280816079058408,0.0008981806702939021,0.003529166633432562
2025-08-31,0.04524685186706168,0.049874624687468394,0.01648159350264966,0.04604900982632665,0.022358355714224842,0.03513040810549661,0.008779732965635834,0.004761341590150181,0.01612331252999577,0.02017243405884739,0.034776832865560214,0.0034292063448164204
2025-09-30,0.020660193612009436,0.11758415768627128,0.006510871688300668,-0.0007684863681839404,0.009925904751218129,0.017114969519968826,0.0518609887015451,0.004553454885685371,0.0042166228206468315,0.03638106903254079,0.0005763816629342777,0.0032552777963971336
2025-10-31,0.011995225268050413,0.035586670754335525,0.007112816361581675,-0.014569757251871596,0.0021900278846527232,0.011040598072198593,0.033714228257190726,0.012410170138866361,0.003224755494716014,0.023291493973010446,-0.024502333299843748,0.0031745289806006612
2025-11-30,0.007408309899920473,0.05367817567023114,0.009881240291787163,0.032543226523733315,0.01321544735123159,0.01738594973703056,-0.009455860143532058,-0.0011909459347384521,0.002170787440077371,0.002342589027948927,0.02422067909387038,0.0031382456474136886
2025-12-31,0.02710468633341412,0.02173350667644791,-0.007611806237675212,0.003087369523772976,-0.0029122570524265923,0.0030230738819077008,-0.0017680169896167053,-0.0005933724332598533,-0.006190619218879423,0.0004942228513649116,-0.022362604821730248,0.0029779924407149806
2026-01-31,0.049047169480886055,0.12273224230545976,-0.0022878386664598738,0.04004872820532901,0.03943026185036591,0.02437876786250981,0.005111051321844418,0.005142522551573769,0.005186091159222528,0.014384368196842301,0.026104634181506547,0.002961958338816961
2026-02-28,0.0460591677592288,0.08720077925273872,0.02469980227704216,0.02403918657580939,0.05868920358858354,0.02232555184837204,-0.03495027168182774,0.010062296531016424,0.012671904013712432,-0.007706374023017548,0.05385462706385624,0.0029921491208829373
2026-03-31,-0.07828811494838861,-0.11051161024305556,-0.023201850953942338,-0.05143039411246686,-0.055230605776445674,-0.04575209918006784,-0.0531389686772743,-0.030314587283569838,-0.013585946178944264,-0.049963877468272244,-0.06313932781027909,0.0030023105848919263
2026-04-30,0.053433582024111415,-0.015408224107347213,-0.0015034080851692444,0.07403769125732507,0.08040141773470277,0.05929438596854153,0.14773221887725319,0.005389676853927439,0.01087347340787459,0.10481271066583009,0.0860203327406488,0.003000079346081567
2026-05-31,0.024237776774253872,-0.015436926989543909,-0.00019011503476262792,-0.0006323256815408129,0.049305531604594055,0.01900113938212078,0.08118932506146614,0.011771931855147466,0.001900858314338505,0.052511286374962385,-0.006540093178456607,0.0029895416597525274
2026-06-30,0.0069068554739180055,-0.11684884638695336,0.002512307963907112,0.04240008570391085,0.03127148418673298,0.00015776720403115618,-0.01924698277838488,0.008391852863529614,-0.004566365414275242,-0.009640405706898947,0.016509259855657543,0.003040198428290231
2026-07-31,0.01636508107994561,0.00857810852984442,-0.013887309857079089,0.0007446068118248661,-0.04782978745547262,0.020479243830018534,-0.01657822150033772,-0.012297271297732393,-0.006846858244617837,-0.0007658602904665468,0.02613292124323241,0.003096969678546443
2026-08-31,0.017711641264979372,0.0992625397928133,0.0011660188369522206,-0.008860860367510215,0.011351478301714568,0.020801806154070235,0.03216268411351897,-0.0010309443572985577,-0.00024327863336670585,0.027110651193601232,-0.025366280154057508,0.0030917857279853214
2026-09-30,-0.03313166737741813,-0.06752856418169562,-0.03352529773703039,-0.05639527716842563,-0.029584339989376374,-0.03103989376033689,0.019998227640924515,-0.018691620253031727,-0.026025077581343314,-0.0035901944090832583,-0.06255319926526659,0.0032734920959624036
