date,pv_portfolio1
2001-01-31,0.0131
2001-02-28,-0.0346
2001-03-31,-0.029300000000000003
2001-04-30,0.0401
2001-05-31,0.0075
2001-06-30,-0.0042
2001-07-31,-0.0063
2001-08-31,-0.0147
2001-09-30,-0.0355
2001-10-31,0.0066
2001-11-30,0.0263
2001-12-31,0.0058
2002-01-31,-0.0075
2002-02-28,0.006500000000000001
2002-03-31,0.0271
2002-04-30,-0.0083
2002-05-31,0.0115
2002-06-30,-0.0264
2002-07-31,-0.0473
2002-08-31,0.015600000000000001
2002-09-30,-0.0361
2002-10-31,0.0137
2002-11-30,0.0294
2002-12-31,0.0025
2003-01-31,-0.0095
2003-02-28,-0.0059
2003-03-31,-0.0049
2003-04-30,0.0462
2003-05-31,0.0594
2003-06-30,0.002
2003-07-31,0.006
2003-08-31,0.0229
2003-09-30,0.0139
2003-10-31,0.031400000000000004
2003-11-30,0.0172
2003-12-31,0.0394
2004-01-31,0.012
2004-02-29,0.0152
2004-03-31,0.0131
2004-04-30,-0.047599999999999996
2004-05-31,0.0171
2004-06-30,0.015600000000000001
2004-07-31,-0.015600000000000001
2004-08-31,0.0223
2004-09-30,0.0124
2004-10-31,0.0216
2004-11-30,0.036699999999999997
2004-12-31,0.023799999999999998
2005-01-31,-0.0236
2005-02-28,0.0183
2005-03-31,-0.012
2005-04-30,0.0018
2005-05-31,0.016
2005-06-30,0.0166
2005-07-31,0.02
2005-08-31,0.0032
2005-09-30,0.015600000000000001
2005-10-31,-0.0177
2005-11-30,0.0305
2005-12-31,0.0163
2006-01-31,0.038599999999999995
2006-02-28,0.0003
2006-03-31,0.015
2006-04-30,0.0213
2006-05-31,-0.019799999999999998
2006-06-30,-0.0008
2006-07-31,0.0127
2006-08-31,0.0181
2006-09-30,0.006500000000000001
2006-10-31,0.026600000000000002
2006-11-30,0.030299999999999997
2006-12-31,-0.0013
2007-01-31,0.021099999999999997
2007-02-28,0.0011
2007-03-31,0.0032
2007-04-30,0.0242
2007-05-31,0.0113
2007-06-30,-0.019799999999999998
2007-07-31,-0.015300000000000001
2007-08-31,0.0144
2007-09-30,0.038599999999999995
2007-10-31,0.0241
2007-11-30,-0.0226
2007-12-31,-0.0
2008-01-31,-0.0087
2008-02-29,-0.0054
2008-03-31,-0.0052
2008-04-30,0.0189
2008-05-31,0.008199999999999999
2008-06-30,-0.0424
2008-07-31,-0.0086
2008-08-31,-0.0063
2008-09-30,-0.051100000000000007
2008-10-31,-0.156
2008-11-30,-0.0246
2008-12-31,0.058499999999999996
2009-01-31,-0.0587
2009-02-28,-0.0709
2009-03-31,0.052000000000000005
2009-04-30,0.0664
2009-05-31,0.051
2009-06-30,-0.0098
2009-07-31,0.0565
2009-08-31,0.0383
2009-09-30,0.0408
2009-10-31,-0.0123
2009-11-30,0.055
2009-12-31,0.0054
2010-01-31,-0.020099999999999996
2010-02-28,0.022099999999999998
2010-03-31,0.0398
2010-04-30,0.0265
2010-05-31,-0.041100000000000005
2010-06-30,-0.0204
2010-07-31,0.0391
2010-08-31,-0.0068000000000000005
2010-09-30,0.0555
2010-10-31,0.031400000000000004
2010-11-30,-0.006
2010-12-31,0.0371
2011-01-31,0.0070999999999999995
2011-02-28,0.0316
2011-03-31,0.0011
2011-04-30,0.0397
2011-05-31,-0.0046
2011-06-30,-0.015700000000000002
2011-07-31,0.0084
2011-08-31,-0.016200000000000003
2011-09-30,-0.0629
2011-10-31,0.0732
2011-11-30,-0.0042
2011-12-31,-0.0060999999999999995
2012-01-31,0.0508
2012-02-29,0.0161
2012-03-31,0.0123
2012-04-30,0.003
2012-05-31,-0.0447
2012-06-30,0.0287
2012-07-31,0.011899999999999999
2012-08-31,0.0181
2012-09-30,0.0175
2012-10-31,-0.0087
2012-11-30,0.0064
2012-12-31,0.0092
2013-01-31,0.028300000000000002
2013-02-28,0.0012
2013-03-31,0.0229
2013-04-30,0.013999999999999999
2013-05-31,-0.017
2013-06-30,-0.0294
2013-07-31,0.0378
2013-08-31,-0.0199
2013-09-30,0.0258
2013-10-31,0.027999999999999997
2013-11-30,0.0009
2013-12-31,0.0078000000000000005
2014-01-31,-0.0021
2014-02-28,0.0388
2014-03-31,-0.0024
2014-04-30,0.009399999999999999
2014-05-31,0.014199999999999999
2014-06-30,0.0195
2014-07-31,-0.013300000000000001
2014-08-31,0.023700000000000002
2014-09-30,-0.0305
2014-10-31,0.0204
2014-11-30,0.0152
2014-12-31,-0.0008
2015-01-31,0.0167
2015-02-28,0.0118
2015-03-31,-0.0059
2015-04-30,-0.0001
2015-05-31,0.0026
2015-06-30,-0.020499999999999997
2015-07-31,0.0083
2015-08-31,-0.0351
2015-09-30,-0.0143
2015-10-31,0.0449
2015-11-30,-0.0085
2015-12-31,-0.0101
2016-01-31,-0.0203
2016-02-29,0.0147
2016-03-31,0.0458
2016-04-30,0.009399999999999999
2016-05-31,-0.0009
2016-06-30,0.0245
2016-07-31,0.0279
2016-08-31,-0.0085
2016-09-30,0.0021
2016-10-31,-0.0225
2016-11-30,-0.0049
2016-12-31,0.0115
2017-01-31,0.0202
2017-02-28,0.0248
2017-03-31,0.0002
2017-04-30,0.0105
2017-05-31,0.0085
2017-06-30,0.0011
2017-07-31,0.016200000000000003
2017-08-31,0.008100000000000001
2017-09-30,0.0049
2017-10-31,0.0091
2017-11-30,0.0167
2017-12-31,0.009899999999999999
2018-01-31,0.0226
2018-02-28,-0.0332
2018-03-31,-0.0015
2018-04-30,0.0008
2018-05-31,0.0097
2018-06-30,0.0021
2018-07-31,0.013600000000000001
2018-08-31,0.012199999999999999
2018-09-30,-0.0038
2018-10-31,-0.0418
2018-11-30,0.016399999999999998
2018-12-31,-0.0431
2019-01-31,0.0603
2019-02-28,0.0161
2019-03-31,0.0143
2019-04-30,0.018500000000000003
2019-05-31,-0.025099999999999997
2019-06-30,0.0479
2019-07-31,0.0058
2019-08-31,0.0089
2019-09-30,0.006500000000000001
2019-10-31,0.0151
2019-11-30,0.0106
2019-12-31,0.0204
2020-01-31,0.009300000000000001
2020-02-29,-0.045
2020-03-31,-0.0885
2020-04-30,0.07690000000000001
2020-05-31,0.031400000000000004
2020-06-30,0.0179
2020-07-31,0.04769999999999999
2020-08-31,0.0288
2020-09-30,-0.022000000000000002
2020-10-31,-0.0167
2020-11-30,0.0635
2020-12-31,0.0351
2021-01-31,-0.0083
2021-02-28,0.0092
2021-03-31,0.021400000000000002
2021-04-30,0.0384
2021-05-31,0.019
2021-06-30,0.0017000000000000001
2021-07-31,0.0206
2021-08-31,0.0151
2021-09-30,-0.0345
2021-10-31,0.041299999999999996
2021-11-30,-0.0138
2021-12-31,0.038900000000000004
2022-01-31,-0.039599999999999996
2022-02-28,-0.006500000000000001
2022-03-31,0.0139
2022-04-30,-0.051399999999999994
2022-05-31,-0.0070999999999999995
2022-06-30,-0.0576
2022-07-31,0.0504
2022-08-31,-0.036000000000000004
2022-09-30,-0.0759
2022-10-31,0.0416
2022-11-30,0.0583
2022-12-31,-0.0263
2023-01-31,0.058499999999999996
2023-02-28,-0.0315
2023-03-31,0.0256
2023-04-30,0.0084
2023-05-31,-0.015300000000000001
2023-06-30,0.0336
2023-07-31,0.022099999999999998
2023-08-31,-0.020099999999999996
2023-09-30,-0.041100000000000005
2023-10-31,-0.0132
2023-11-30,0.07
2023-12-31,0.0463
2024-01-31,-0.0046
2024-02-29,0.0215
2024-03-31,0.0333
2024-04-30,-0.0302
2024-05-31,0.0317
2024-06-30,0.0102
2024-07-31,0.032799999999999996
2024-08-31,0.0236
2024-09-30,0.0229
2024-10-31,-0.011899999999999999
2024-11-30,0.029500000000000002
2024-12-31,-0.0356
2025-01-31,0.0318
2025-02-28,0.0101
2025-03-31,-0.0076
2025-04-30,0.0058
2025-05-31,0.024300000000000002
2025-06-30,0.0259
2025-07-31,0.0038
2025-08-31,0.027200000000000002
2025-09-30,0.0325
2025-10-31,0.009399999999999999
2025-11-30,0.0149
