,Sharpe 2010-2021,Return 2022,Sharpe 2023-,Bond+TIPS weight Jan 2022
Equal Weight,1.0221517482459694,-0.13982587878606711,0.814211026927954,0.30000000000000004
Inverse Vol,1.2446820992087368,-0.12802095246981038,0.637786051386409,0.6526970952590397
Min Variance,1.4442057954666123,-0.1103017873910096,-0.013421754156116728,0.9720211248155163
Max Sharpe (no cap),1.3349386351669654,-0.1945836717810575,1.42921314328773,0.6370508077058169
Max Sharpe (30% cap),1.2024114043534293,-0.1690392638000524,1.483474630591566,0.6923804742666944
Risk Parity,1.2882004287890418,-0.130179136108602,0.6687113874906454,0.713136387126825
HRP,1.4207689224385638,-0.11704091111051274,0.29395029515321097,0.8985446727238142
Original (hand-picked),1.020334288375124,-0.1353258749852484,0.9123916797889382,
60/40,1.3508561348239305,-0.17020135606622144,0.9538916666783916,
S&P 500,1.045395812718764,-0.18244439323408768,1.2854630916533014,
