,,US Large Value,US Large Growth,US Mid Value,US Mid Growth,Intl Developed,TIPS,10Y Treasury,Gold,Global Bonds (Hedged),REITs
Equal Weight,2010-01-31,0.1,0.1,0.1,0.1,0.1,0.1,0.1,0.1,0.1,0.1
Equal Weight,2011-01-31,0.1,0.1,0.1,0.1,0.1,0.1,0.1,0.1,0.1,0.1
Equal Weight,2012-01-31,0.1,0.1,0.1,0.1,0.1,0.1,0.1,0.1,0.1,0.1
Equal Weight,2013-01-31,0.1,0.1,0.1,0.1,0.1,0.1,0.1,0.1,0.1,0.1
Equal Weight,2014-01-31,0.1,0.1,0.1,0.1,0.1,0.1,0.1,0.1,0.1,0.1
Equal Weight,2015-01-31,0.1,0.1,0.1,0.1,0.1,0.1,0.1,0.1,0.1,0.1
Equal Weight,2016-01-31,0.1,0.1,0.1,0.1,0.1,0.1,0.1,0.1,0.1,0.1
Equal Weight,2017-01-31,0.1,0.1,0.1,0.1,0.1,0.1,0.1,0.1,0.1,0.1
Equal Weight,2018-01-31,0.1,0.1,0.1,0.1,0.1,0.1,0.1,0.1,0.1,0.1
Equal Weight,2019-01-31,0.1,0.1,0.1,0.1,0.1,0.1,0.1,0.1,0.1,0.1
Equal Weight,2020-01-31,0.1,0.1,0.1,0.1,0.1,0.1,0.1,0.1,0.1,0.1
Equal Weight,2021-01-31,0.1,0.1,0.1,0.1,0.1,0.1,0.1,0.1,0.1,0.1
Equal Weight,2022-01-31,0.1,0.1,0.1,0.1,0.1,0.1,0.1,0.1,0.1,0.1
Equal Weight,2023-01-31,0.1,0.1,0.1,0.1,0.1,0.1,0.1,0.1,0.1,0.1
Equal Weight,2024-01-31,0.1,0.1,0.1,0.1,0.1,0.1,0.1,0.1,0.1,0.1
Equal Weight,2025-01-31,0.1,0.1,0.1,0.1,0.1,0.1,0.1,0.1,0.1,0.1
Equal Weight,2026-01-31,0.1,0.1,0.1,0.1,0.1,0.1,0.1,0.1,0.1,0.1
Inverse Vol,2010-01-31,0.06545382479637427,0.07710832310927965,0.05922828966661313,0.06018753351269721,0.05737171179091723,0.15811159414131698,0.16561636469334629,0.059925914927615294,0.26057112824970535,0.0364253151121347
Inverse Vol,2011-01-31,0.06323536299774316,0.07189865689485198,0.05805089868005168,0.058478142486406294,0.05465547030822566,0.16497631730490836,0.16841130576861302,0.06387530917067052,0.2586958537052669,0.037722682683262385
Inverse Vol,2012-01-31,0.06217539908970233,0.07098155343504241,0.0560752814865586,0.05698873227665748,0.05422920478756382,0.17196704441216126,0.1677832193718108,0.06108074414444385,0.2605257677149236,0.038193053281135855
Inverse Vol,2013-01-31,0.06135472147161313,0.07031215630153557,0.05573848928836976,0.05662637053086195,0.05242374331445565,0.17375663556609391,0.16801800017031748,0.05994956464079694,0.26261174256481645,0.039208576151139235
Inverse Vol,2014-01-31,0.059692294467566215,0.07248650638203277,0.055664900729123966,0.05927302815653199,0.050977821211512044,0.17883352835251226,0.15775475146716647,0.0539160967480043,0.2705523546868679,0.04084871779868206
Inverse Vol,2015-01-31,0.06554740418961325,0.06865308138867306,0.055583174824233555,0.05579428972258353,0.051539834284759486,0.17172145586552667,0.15173673743978822,0.04851040326386386,0.27774666451972213,0.05316695450123622
Inverse Vol,2016-01-31,0.06948217206916422,0.0738889077088045,0.05920948632839546,0.06149524823720307,0.05702767412531735,0.1689435214781082,0.1511106991389884,0.04587406136106115,0.2590793413045936,0.05388888824836411
Inverse Vol,2017-01-31,0.07420478766134724,0.07474533252533329,0.0626518037766041,0.06740348749652682,0.06050823787898173,0.1635295974512986,0.14186201473813018,0.04685159059812955,0.2532322759113303,0.05501087196231826
Inverse Vol,2018-01-31,0.07594522206881464,0.0754468398970493,0.06199209918546796,0.0683470292314827,0.06637084157325296,0.16424467971750703,0.14128836429457772,0.046905235090650185,0.2449634112289301,0.054496277712267484
Inverse Vol,2019-01-31,0.0650480137056924,0.06087702301547596,0.05352653230562813,0.05640130255072488,0.061731003651117625,0.19399636525732503,0.1409380706740675,0.051390923549861106,0.26515087839613083,0.050939886893976515
Inverse Vol,2020-01-31,0.05869623766823086,0.0598873044800438,0.048741619381520405,0.055462802111271366,0.062000060954041425,0.20746298245992498,0.1372236421078524,0.05298959771925039,0.26430112019082985,0.05323463292703458
Inverse Vol,2021-01-31,0.050872247656242583,0.05304124052680334,0.03799659982025336,0.04570851128338111,0.05460180101845447,0.2239780998597819,0.15259611380994217,0.058196464588934536,0.2737787849325076,0.049230136503698826
Inverse Vol,2022-01-31,0.04891301714888999,0.050664613524135205,0.03734449831850611,0.04504767759309375,0.054611272236180834,0.22298854327722098,0.16001916488290086,0.062488807592043935,0.2696893870989179,0.04823301832811047
Inverse Vol,2023-01-31,0.05750322351057447,0.052413306427533245,0.045109431337748994,0.050157455876780103,0.06034437421329497,0.181957342208622,0.1584180706765399,0.07899475216482288,0.26112809447697805,0.05397394910710549
Inverse Vol,2024-01-31,0.06164439020478766,0.05765753722447944,0.04675944967145496,0.054746269907577,0.06346918397962122,0.18386052442273118,0.14962999588574016,0.07965996457851926,0.24778484720528715,0.05478783691980202
Inverse Vol,2025-01-31,0.06316500949089236,0.05759170598861983,0.04769107162039295,0.05362303207369352,0.06430750380378894,0.1818712594814195,0.14767565225182705,0.08084657156346783,0.2500205691441839,0.05320762458171392
Inverse Vol,2026-01-31,0.07141483903814673,0.05780483691938907,0.05573694312010579,0.05794109007725185,0.07055473989491443,0.170681140997307,0.13754403467034826,0.07236161857451057,0.2505771106969404,0.055383646011086037
Min Variance,2010-01-31,0.0,0.0022181278440914763,2.2613612324915287e-16,0.0,1.0167891772011107e-15,5.077724328440516e-16,0.23247951455733132,3.9907580515941083e-16,0.7653023575985763,0.0
Min Variance,2011-01-31,2.8314321007648385e-15,0.047138450019885064,1.70217216731648e-16,2.8216334007605497e-15,0.0,0.0,0.2566264362222532,0.0,0.6962351137578633,0.0
Min Variance,2012-01-31,0.0,0.05651377481193324,0.0,0.0,3.4509010976404783e-15,1.967172376298841e-15,0.27109457677832033,6.3110738505448145e-15,0.672391648409735,1.582708434739709e-14
Min Variance,2013-01-31,3.467773307901592e-15,0.04798396076021716,1.9685004293941306e-15,2.8255868078513405e-15,0.0,0.0,0.2705934614957768,0.0,0.6814225777440097,0.0
Min Variance,2014-01-31,0.0,0.049661928133702904,0.0,0.025589510162658233,3.8473515338635184e-16,0.0,0.19531227964242995,1.9706926911483854e-15,0.729436282061201,8.234015468641042e-15
Min Variance,2015-01-31,0.06829120672220526,0.03826494606964603,1.1031836770925879e-15,1.2091593250427796e-15,3.486955449370541e-16,0.0,0.13866191731945446,0.0,0.7547819298886985,0.0
Min Variance,2016-01-31,0.07480336647226739,5.904619658363816e-18,2.5375746461994823e-16,2.831782084441166e-16,1.6703646493225057e-16,5.503958367024317e-16,0.14591614888433388,1.6918260577842471e-16,0.7792804846433962,1.0396942476704269e-15
Min Variance,2017-01-31,0.048765549573468236,0.0,0.0,0.0,4.160694592831493e-17,0.0,0.0,2.244516263928771e-15,0.9512344504265339,4.428664159379613e-15
Min Variance,2018-01-31,0.058415830992792094,8.626450270826502e-16,0.0,5.863061783308334e-17,0.0,0.009140756336408176,0.0,0.0,0.9324434126707992,6.018893222371218e-15
Min Variance,2019-01-31,0.04723313745886489,0.0,0.0,1.3382745254044886e-16,0.0,0.1850234809648351,0.0,5.109429378295021e-16,0.7677433815763011,2.7508400412312576e-15
Min Variance,2020-01-31,0.04737614721910493,1.487415301259411e-16,0.0,9.260970880192467e-17,8.771370179741882e-19,0.166360027516357,0.0,1.2912392375935538e-15,0.7862638252645386,1.666280289040073e-15
Min Variance,2021-01-31,0.002001526326105429,5.581243966598812e-16,5.714027430965719e-16,1.2497217775627063e-16,0.008676640679675683,0.0,0.17372051875183073,0.0,0.8156013142423929,0.0
Min Variance,2022-01-31,0.02667322173152169,4.012373026094578e-16,0.0,2.6476493108231266e-16,0.0013056534529592605,0.0,0.24387949285761448,1.4554663518061858e-15,0.7281416319579018,9.465238734049658e-16
Min Variance,2023-01-31,1.474455619390586e-15,1.909971817484551e-16,0.0,9.752359831994966e-16,3.158149551815287e-16,1.2109800481581117e-15,0.05437699559546419,3.472570631985811e-16,0.9456230044045325,1.5874801311587306e-16
Min Variance,2024-01-31,4.4759483434436405e-15,0.0,1.2985532592782017e-15,0.0,7.06359397691997e-16,1.6531420236702577e-15,0.0,1.5648624399134749e-15,0.9999999999999993,0.0
Min Variance,2025-01-31,0.0,2.318342455406106e-14,0.0,0.0,5.8734484895595445e-15,0.0,1.7430501486614958e-14,0.0,0.9999999999999821,3.0026805116601e-14
Min Variance,2026-01-31,1.714730622920737e-15,0.0,6.982561813023346e-15,0.0,0.0,8.801410928383625e-17,0.0,1.938348566497762e-15,1.0,0.0
Max Sharpe (no cap),2010-01-31,0.0,0.0,3.9703292917452663e-17,0.0,9.421297318465783e-18,0.0,0.06110881496085771,0.2888287930462709,0.6500623919928715,1.6615000777326594e-17
Max Sharpe (no cap),2011-01-31,1.2235213814909836e-16,0.0,0.0,0.048804485481920644,0.0,0.0,0.20649440197976776,0.21887978808477293,0.52582132445354,0.0
Max Sharpe (no cap),2012-01-31,4.965772547561606e-16,1.3172304713988297e-16,0.0,0.05047309276394853,3.312043770579058e-16,2.025458004987319e-15,0.3547610178326298,0.07321071299379438,0.5215551764096243,9.81523637040223e-17
Max Sharpe (no cap),2013-01-31,0.0,0.0,0.0,0.016823974070347945,2.131252744169263e-16,5.160616761908438e-17,0.2105789657930079,0.025645172885420866,0.7469518872512232,0.0
Max Sharpe (no cap),2014-01-31,9.204585186201602e-16,0.0190930903874405,8.624407774587399e-17,0.09238760242485418,1.7598344636433798e-15,0.0,0.014794954957883442,0.0,0.8737243522298206,1.889448287534782e-15
Max Sharpe (no cap),2015-01-31,0.0,0.14200596253370149,4.631310528654474e-15,2.7144721835308244e-15,9.216718488914199e-15,2.6348376342434596e-15,0.08074144319438213,7.575273911637113e-15,0.7772525942719075,7.539949097597251e-15
Max Sharpe (no cap),2016-01-31,3.308112033163813e-13,0.15471400336945096,1.1048601124683681e-13,2.017037754497581e-13,6.11123331362686e-14,2.040814995383566e-13,0.10823628956517958,5.856253336910785e-14,0.7370497070640619,3.4077559560083224e-13
Max Sharpe (no cap),2017-01-31,0.15811888534682722,0.0,2.735413353780029e-16,8.77641189814313e-16,1.077112864585511e-15,0.0,0.0,0.0,0.8418811146531712,5.587945787912121e-16
Max Sharpe (no cap),2018-01-31,0.09043642723727635,0.1942235329251955,1.9265194003801253e-16,2.2516063158909687e-16,0.0,0.0,3.5867924293018447e-16,0.0,0.7153400398375277,2.395616589863873e-16
Max Sharpe (no cap),2019-01-31,1.823337219525434e-13,0.09058357599066855,5.00596700523077e-14,1.0873768812601404e-13,6.715294852504513e-14,1.7414252708616036e-13,0.0,1.4105081087407152e-13,0.9094164240087323,2.6868676483446897e-13
Max Sharpe (no cap),2020-01-31,1.2928524316529062e-16,0.17068174444859505,2.0898146017454177e-16,0.0,3.245134262010627e-16,3.7958289879934677e-16,3.882162954685199e-16,0.021279925089665034,0.808038330461738,5.541656580185243e-16
Max Sharpe (no cap),2021-01-31,1.3522207327325574e-16,0.1470062597349302,5.700146760578171e-17,0.0,2.254423440625342e-16,2.3868363578364777e-16,0.30481294738580844,9.868293066429098e-16,0.5481807928792596,3.958117691941914e-16
Max Sharpe (no cap),2022-01-31,0.0,0.33867366891045436,1.0597308918217923e-17,0.0,0.0,5.935052445647681e-16,0.5826098255874649,0.024275523383728712,0.054440982118351515,5.091706682128531e-17
Max Sharpe (no cap),2023-01-31,0.015832891518276583,0.4362603978903102,6.727083824233517e-17,1.0560570320912714e-16,0.0,0.0,6.471487916318376e-18,0.5479067105914132,1.271490782125491e-16,0.0
Max Sharpe (no cap),2024-01-31,0.22970280561126583,0.3304374969957126,0.0,3.136985574671449e-17,8.497835140323122e-17,2.7458166838067333e-17,0.0,0.4398596973930216,4.7103935855589716e-17,0.0
Max Sharpe (no cap),2025-01-31,1.0482523482868349e-16,0.4830755093954746,0.0,0.0,0.0,0.0,2.0104391344527215e-17,0.5169244906045255,0.0,1.999769952998933e-17
Max Sharpe (no cap),2026-01-31,0.11924954090750113,0.2671797183126624,1.2216829434123131e-16,0.0,3.978593682427299e-17,9.580274265367498e-17,8.694979193866411e-17,0.6135707407798364,0.0,4.104372581622773e-17
Max Sharpe (30% cap),2010-01-31,0.0,0.0,4.5314493923700825e-17,0.08137936322468475,4.032095575903092e-17,0.01862063677531549,0.2999999999999999,0.3,0.2999999999999998,3.506589104678654e-17
Max Sharpe (30% cap),2011-01-31,0.0,6.610231212628298e-17,4.85722573273506e-17,0.10000000000000057,0.0,4.163336342344337e-17,0.2999999999999999,0.3,0.2999999999999999,0.0
Max Sharpe (30% cap),2012-01-31,1.4328084716310135e-16,0.0,2.2598508180930884e-16,0.06175826723128054,4.2796830997996435e-16,0.21942614413871916,0.3,0.11881558863000038,0.2999999999999986,1.2212741424131504e-16
Max Sharpe (30% cap),2013-01-31,3.658612301674074e-16,8.21052776705319e-16,2.6603280605203555e-16,0.06496932441387214,7.652733295942854e-17,0.2776940474397559,0.2999999999999992,0.05733662814637308,0.2999999999999975,7.469516035061402e-16
Max Sharpe (30% cap),2014-01-31,1.448379238851638e-16,0.09986127377905721,2.2366558563908556e-16,0.14982135401630098,0.0,0.15031737220464217,0.2999999999999997,1.3185913524943535e-16,0.29999999999999966,6.500652928922733e-17
Max Sharpe (30% cap),2015-01-31,0.15686370020318782,0.0945644503466063,0.0,0.0,0.0,0.14857184945091506,0.3,0.0,0.3,0.0
Max Sharpe (30% cap),2016-01-31,0.0178383815385027,0.2999999999999997,0.0,1.0379267978705762e-16,1.237181535889368e-16,0.08216161846149724,0.3,3.909920883418539e-17,0.3,0.0
Max Sharpe (30% cap),2017-01-31,0.3,0.07701499565381333,0.0229850043461854,0.0,0.0,0.0,0.3,0.0,0.3,0.0
Max Sharpe (30% cap),2018-01-31,0.16948962663448505,0.29955362389641965,2.7161020229323848e-17,3.896227305356341e-17,0.0,0.0,0.23095674946909533,7.183911255524617e-17,0.29999999999999993,0.0
Max Sharpe (30% cap),2019-01-31,1.3182716941647533e-14,0.2989903346690256,6.2235823027631585e-15,1.1750529693835635e-14,7.978354402086147e-15,0.10100966533095394,0.29999999999996124,1.2821194996595007e-14,0.29999999999997473,3.2456574400338295e-14
Max Sharpe (30% cap),2020-01-31,0.037769402848875894,0.29999999999999966,2.1120308231091413e-16,2.4622539314178844e-16,7.517304153016429e-17,0.0026968941270109274,0.29999999999999993,0.05953370302411353,0.29999999999999943,1.7057390592447698e-16
Max Sharpe (30% cap),2021-01-31,1.2126349478995756e-16,0.21056034922540565,4.41417391721124e-17,5.035014286269338e-17,2.2128361477807736e-16,0.14382305515432534,0.29999999999999916,0.045616595620270574,0.29999999999999827,4.286317252290375e-16
Max Sharpe (30% cap),2022-01-31,6.954590174218684e-16,0.27452627724007167,0.0,3.2906613998301893e-16,3.896107867356527e-17,0.15027505612323175,0.2999999999999997,0.03309324849323275,0.24210541814346292,2.2721412254264163e-16
Max Sharpe (30% cap),2023-01-31,0.2696643830594772,0.29999999999999954,0.0,2.858252686530817e-17,1.2591410943291638e-16,0.13033561694052387,0.0,0.2999999999999998,0.0,1.0212153704606777e-16
Max Sharpe (30% cap),2024-01-31,0.3,0.2999999999999998,9.429444640061171e-18,0.0,3.304982441187016e-17,3.7816971776294395e-16,4.800719309191668e-17,0.3,0.0999999999999997,3.995759611669107e-18
Max Sharpe (30% cap),2025-01-31,0.2709709855098122,0.3,0.0,0.0,2.228793720784436e-16,4.486006853065851e-17,0.0,0.2999999999999999,0.12902901449018842,8.543898527022354e-17
Max Sharpe (30% cap),2026-01-31,0.3,0.3,0.0,0.0,0.0,0.0,0.0,0.3,0.10000000000000075,5.61587856916571e-18
Risk Parity,2010-01-31,0.050116254608357884,0.05961623260858546,0.046106720607142784,0.04739485652648032,0.04135146974902398,0.13071942510845994,0.2794175045267444,0.07624145529392908,0.23873242560387617,0.03030365536740007
Risk Parity,2011-01-31,0.04762951826863307,0.05491186618605358,0.04402413983393535,0.04498750015371838,0.039168330526360755,0.12902818746354425,0.29452003364559415,0.07729575471924618,0.23885442577377497,0.02958024342913937
Risk Parity,2012-01-31,0.04582563457440189,0.05290931225263821,0.04234079518091899,0.04332102985840385,0.037878321825950086,0.12758715308244714,0.312740260461141,0.06901933940178744,0.23982934706277667,0.028548806299534737
Risk Parity,2013-01-31,0.045141530045656054,0.05221087815172034,0.041641030019341156,0.042517413481974395,0.03730801475926876,0.128181958354993,0.3194575786316603,0.06624177159535588,0.23819347699867804,0.029106347961352037
Risk Parity,2014-01-31,0.04314603137751308,0.05269363785248746,0.042786101955159014,0.045260428758249885,0.03665905685786986,0.14892125338897028,0.2642408550626347,0.06211490458429917,0.2754691397605039,0.02870859040231269
Risk Parity,2015-01-31,0.054876168823081925,0.05145856398676974,0.04147486148616745,0.0412055005352558,0.03977256824724456,0.1296788436212375,0.28580404474915483,0.04449263650718989,0.2777686189346505,0.03346819310924784
Risk Parity,2016-01-31,0.06372809625805381,0.0588752862153912,0.0489583146571067,0.047615354237752344,0.04688754116770132,0.14287039366587045,0.2679839471395613,0.04963650901319482,0.23522750789089722,0.03821704975447087
Risk Parity,2017-01-31,0.07459242958127445,0.0656096946938375,0.058178184951875184,0.057051202565928556,0.05458153056095792,0.15410400152000656,0.21253352145913731,0.058322505566850764,0.22078432194302328,0.0442426071571086
Risk Parity,2018-01-31,0.0800971204433238,0.06653305835291043,0.06142464565218209,0.05980537020117779,0.061619210099673735,0.14513477678988632,0.18948529427663038,0.06879904864537581,0.22199943236090533,0.045102043177934426
Risk Parity,2019-01-31,0.06545161545568844,0.05281329562057786,0.049558080892704845,0.046687324105191906,0.058521943468315865,0.16371258822451873,0.19677330050719136,0.07545033503369519,0.2522186080345031,0.038812908657612465
Risk Parity,2020-01-31,0.057407475021403385,0.05167823063910957,0.0493317774916916,0.047477085642314516,0.05702152112003618,0.1789109746903688,0.20806411469584268,0.07378211502006818,0.2361230199759069,0.04020368570325817
Risk Parity,2021-01-31,0.04468687022715817,0.041761805167466484,0.0340537341837771,0.03667494755384146,0.048011956511801276,0.1565788481074853,0.33262341509384197,0.06383093351413759,0.20774936240597408,0.034028127234516585
Risk Parity,2022-01-31,0.040911727566861816,0.03680344685334282,0.03249444862565166,0.033929423273696795,0.044962575326373086,0.15067058146072346,0.34967262351711353,0.063952319727848,0.21279318214898812,0.033809671499400645
Risk Parity,2023-01-31,0.05194521974041809,0.04279966003202535,0.04155829403236716,0.04144938846073938,0.051058335004770805,0.14917042183772447,0.23995480044526912,0.11251789736614731,0.22488442261493766,0.04466156046560078
Risk Parity,2024-01-31,0.056635164225412774,0.05005222100113589,0.04515337274402747,0.04827532560466724,0.05512267158583446,0.16297329335731098,0.19879500384475793,0.11430032045304482,0.22179619937874123,0.04689642780506719
Risk Parity,2025-01-31,0.056981323073616204,0.05255235781469284,0.0449688510845483,0.04796429217865063,0.05631336185949385,0.1604460375151219,0.18469232047911213,0.1219412197298736,0.22835642401141046,0.04578381225348018
Risk Parity,2026-01-31,0.06559331673940234,0.05864330523796221,0.05453503511478483,0.05554650054930028,0.061916857327100006,0.1557831553220989,0.137849151521611,0.12123256982408727,0.23896948025379847,0.04993062810985458
HRP,2010-01-31,0.011780161589915652,0.016348718106468166,0.023808858306485596,0.024586305831697595,0.01719811459027173,0.13250568463352494,0.1453829813669983,0.031103340482034395,0.5857941339589633,0.011491701133640215
HRP,2011-01-31,0.01756515890999432,0.011951407609322486,0.007791039354400002,0.04151315528285064,0.014717658819988197,0.16770348266615867,0.2698563601280294,0.049529578960598376,0.4123612126190547,0.007010945649603081
HRP,2012-01-31,0.015901250558622362,0.010872029083658504,0.00678519808463851,0.036959358841030326,0.013460737829991574,0.18307784828284893,0.26361820140759246,0.04245756421929646,0.4201909688948764,0.006676842797444475
HRP,2013-01-31,0.015283768765084431,0.01049654148398534,0.00659622984152957,0.03485020541457659,0.012274465830204265,0.18627209086742494,0.26280608858453386,0.03906069412249984,0.4254938378163284,0.006866077273832716
HRP,2014-01-31,0.006665178785571121,0.019115182302132615,0.0057961302412987276,0.039429510768611,0.011264218650611321,0.15822214778705912,0.1231216090959066,0.03262451364369242,0.5965288930150289,0.0072326157100882135
HRP,2015-01-31,0.008783310594174015,0.01866198431304201,0.00631588108265758,0.03505033613579953,0.012516650954678436,0.14258074668187326,0.11132513869606069,0.02649613028131949,0.6249503902257457,0.013319431034649219
HRP,2016-01-31,0.03784964165960853,0.04280292935669882,0.00916821468891943,0.009889749824514401,0.016493742791503216,0.1452199836753073,0.11618063038510468,0.015572184709582748,0.5853340512468377,0.021488871661923196
HRP,2017-01-31,0.017015538360591574,0.03441945512173009,0.012129670380189188,0.02663518640769826,0.02255614332506327,0.1332437744491314,0.10027356098061624,0.030874559701639458,0.580287452968284,0.04256465830505649
HRP,2018-01-31,0.019392250251968737,0.037372174318691775,0.0129211146422909,0.02961720892920563,0.0289215062041389,0.13765174808053546,0.10186193088842674,0.033487718771982214,0.5535703747185025,0.04520397319425729
HRP,2019-01-31,0.011395230235290972,0.01875746151931518,0.00771601818668676,0.02903292258291511,0.036963712537391696,0.1774768719865525,0.09367230861652777,0.025617795421427378,0.575685130106507,0.023682548807385653
HRP,2020-01-31,0.00901654602548999,0.01885495292632771,0.006217554241978176,0.01540359907324807,0.020208782670993845,0.19986829927937388,0.08744209755834426,0.03835652203899226,0.5659195664690326,0.03871207971621908
HRP,2021-01-31,0.012721231475285873,0.011737569892379774,0.012957902192210146,0.010269787466555718,0.012438407525382202,0.2662182069596406,0.2246669302269955,0.03267724307921923,0.3977646880225589,0.018548033159772024
HRP,2022-01-31,0.004524576615808575,0.010792013775544089,0.01625018646035823,0.003837725019867419,0.010770047883488742,0.2713075744481404,0.23038879256935307,0.045499808061131096,0.3968483057063207,0.009780969459987644
HRP,2023-01-31,0.02637574010960282,0.014332813841541642,0.01623136251321057,0.007132523785944906,0.010323947916445147,0.19386752469650811,0.2584888029025452,0.050428933982843864,0.3992758981034882,0.023542452147869496
HRP,2024-01-31,0.03344394972123208,0.019691484503477914,0.019242842378604696,0.009547912072887528,0.01283291068830842,0.20584068501789793,0.24481913632745758,0.054802456732384944,0.37385545191346337,0.02592317064428562
HRP,2025-01-31,0.034567504036765694,0.029649993417033945,0.019705572331118158,0.009513677416207001,0.013682611356261098,0.20143736798732884,0.23525388401172526,0.05842892952151424,0.38068289947892775,0.017077560443117996
HRP,2026-01-31,0.046618770289362024,0.03676427553446981,0.028396850998285553,0.011804058067262565,0.03144233367357026,0.13819009196652657,0.08974067880779747,0.05761216513228979,0.5486457519325559,0.010785023597879992
