,CAGR,Volatility,Sharpe,Max Drawdown,Calmar,Beta,Corr to S&P,Avg Annual Turnover
Max Sharpe (30% cap),0.07950664312670175,0.06990161763653814,0.931001533250345,-0.16718236643241902,0.4755683558220306,0.3054992514852838,0.6281693794524168,0.187991821016059
60/40,0.09580616181903934,0.08787844213843578,0.9210273412379605,-0.20646546979017721,0.464029950947262,0.5844988518963012,0.955993966367557,0.02944384470539451
S&P 500,0.14101894856729658,0.14373212228829138,0.8922861430275882,-0.2395956676038159,0.5885705279132127,1.0000000000000002,1.0,0.0
Max Sharpe (MVO),0.08235595656034356,0.07687168721796435,0.8909967777474377,-0.17629689737263,0.46714353903955474,0.25735993280691416,0.4812030368141228,0.20251010931213592
Inverse Vol,0.06568976692007555,0.06514816451652786,0.7842252947048863,-0.16138397885816913,0.4070401993112738,0.3798395005460003,0.8380149762861027,0.035415415928948195
Original (hand-picked),0.08849593882403473,0.09579598463088423,0.7825119670563766,-0.19484466942181,0.4541871178033311,0.60699806658936,0.9107388025912189,0.03702351302416144
Risk Parity,0.06208119849010241,0.061024784886290394,0.7782315204492165,-0.15902503835218862,0.3903863135854921,0.31907792563129,0.7515265725522294,0.05355591802100676
Equal Weight,0.08692779207822521,0.0968876676681817,0.7593370577122995,-0.19649689819472738,0.4423876044703781,0.6154074517875008,0.9129523008065494,0.036419952557250265
HRP,0.04676576466306237,0.04605258569793435,0.6938102407093477,-0.13403228442167558,0.348914180377123,0.17833120219581156,0.5565794357335314,0.07992617279911159
Min Variance,0.048476536460352326,0.0504610090151624,0.6723208615351525,-0.1425363401113211,0.3400994891723197,0.15296994912766107,0.4357165237786701,0.10585780702456497
