,Spec 1: FF5 + MOM + TERM + GOLD,"Spec 2: + Intl, REITs, TIPS"
Alpha (annual),-0.012347301485451413,-0.001989758154091268
CMA,0.019565144684687043,0.016080798716036616
GOLD,0.15631957658727405,0.1293220735872133
HML,0.09552966606267005,0.03649591301578628
Intl Developed,,0.11121383662105508
MOM,-0.016061871828798282,0.008138519474918206
Mkt-RF,0.5912217820233802,0.37390374240021856
R-squared,0.9631480107430165,0.9954867809242104
REITs,,0.10631135369744427
RMW,0.031640852824994806,0.02087193243363335
SMB,0.028065983735422337,0.015784062487195685
TERM,0.2919083359273473,0.11998673291318371
TIPS,,0.1264921644794764
t(alpha),-2.8834645737748734,-1.479601503336431
